,DEC. 2001,DEC. 2002,DEC. 2003,DEC. 2004,DEC. 2005,DEC. 2006,DEC. 2007,DEC. 2008,DEC. 2009,DEC. 2010,DEC. 2011,DEC. 2012,JUN. 2013,DEC. 2013,JUN. 2014,DEC. 2014,JUN. 2015,DEC. 2015,JUN. 2016,DEC. 2016,JUN. 2017,DEC. 2017,JUN. 2018,DEC. 2018,JUN. 2019,DEC. 2019,JUN. 2020,DEC. 2020,JUN. 2021,DEC. 2021,JUN. 2022,DEC. 2022,JUN. 2023
"Afghanistan, Islamic Rep. of",,0,,0,0,,0,0,0,0,0,0,,0,,0,,0,,0,,0,,0,,0,,,,0,,0,
Albania,9.540039731,6.237278878,4,4.932704,6,12,13,13,6,15,82,91,,230.2,,239,,234,,218,,303,,337,,173,,,,341,,316,
Algeria,,,,C ,0,,0,,0,0,0,0,,,,0,,0,,0,,0,,0,,0,,,,0,,0,
American Samoa,,,,,0,,0,0,0,0,0,0,,,,,,,,,,,,,,,,,,,,,
"Andorra, Principality of",,0,,2.498841,5,9,14,7,0,0,5,8,,1.1,,0,,0,,0,,0,,0,,0,,,,39,,41,
Angola,,0,,0,0,,0,0,6,0,7,7,,0,,0,,434,,349,,468,,1383,,2175,,,,2543,,2675,
Anguilla,,0,0,2.223833,3,4,15,4,1,0,403,1,,660.7,,301,,215,,1107,,2135,,678,,0,,,,1250,,719,
Antigua and Barbuda,,0.40993885,1,12.089159,34,33,127,29,114,112,44,66,52,133.7,68,0,0,147,59,143,42,149,126,118,89,104,91,3,3,16,47,201,123
Argentina,4712.755138,3615,4315,4826.962383,6852,11018,9826,4246,7296,10795,9584,7110,7748,9067.1,14291,16046,15477,15071,21308,24714,35437,44510,40167,34430,32145,22485,23656,18285,16993,15530,14602,12678,18029
"Armenia, Rep. of",,0,,0,0,,0,0,0,0,0,0,,220.7,,216,236,444,240,426,247,284,166,224,114,258,335,279,323,349,261,215,192
"Aruba, Kingdom of the Netherlands",271.3611301,542.356585,906,1113.995958,1189,1272,1102,908,848,637,548,502,511,172.3,181,167,163,142,179,200,199,189,195,223,228,225,233,190,194,197,196,154,183
Australia,55182.64663,58616,90502,103411.762,128202,173153,222570,145542,276431,323303,333584,351064,336731.59,337804.8,344702,311486,318217,295959,296136,296183,324698,354874,357404,332553,364681,366041,328599,381048,410009,459712,409178,423875,405780
Austria,4335.509602,5761,10372,15249.40708,17281,26569,28997,9923,14974,18070,11522,14408,15676,18776.9,21034.1,19523,17823,17331,17641,18354,23535,32061,28122,24523,26123,26447,21851,25160,27310,32733,25747,26130,27478
"Azerbaijan, Rep. of",,0,,0,0,,0,0,0,0,7,87,,230.9,,654,854,805,1202,1178,1535,1629,1504,1480,1671,1604,1402,1505,1516,1576,1270,1299,1038
"Bahamas, The",1647.061991,1921.901457,2912,2651.507668,3266,1674,2262,1284,2171,2009,5253,5467,6227,5646.2,6600,8424,6538,6869,6013,5978,4686,8099,4434,7516,5644,8474,6225,2799,2706,3893,2322,3518,3153
"Bahrain, Kingdom of",,,,C ,0,0,0,,0,0,0,0,,,,864,,420,,666,608,1108,985,1578,1906,2723,2627,3158,2816,3412,2743,2750,2676
Bangladesh,4,1.5857496,0,0,0,4,167,47,13,69,80,102,,244.5,,646,639,627,641,719,846,924,853,820,755,665,458,499,436,433,296,242,196
Barbados,54.00022073,141.2283515,253,256.013015,272,323,423,400,1365,1476,1580,1684,1965,1831.2,2532,2471,3361,2803,2961,2837,2876,2352,1990,1700,1997,1913,2039,2605,2558,3535,17607,3277,3076
"Belarus, Rep. of",,0,0,0,0,,0,0,0,109,239,408,467,312.4,413,396,294,206,286,329,874,1012,424,393,503,523,704,794,770,752,137,290,279
Belgium,12727.85551,12357.59901,16987,23973.43276,24664,35968,37874,23231,36751,35453,34015,45546,46463.362,64840.9,69728.8,63444,64348,68230,67563,58304,64849,72482,66157,52303,61357,64934,55022,66093,67832,69034,55960,59091,58878
Belize,8.060004415,37.1283213,77,60.068333,50,52,88,72,76,151,308,84,187,95.6,264,323,251,331,110,44,116,45,42,54,54,86,45,53,39,0,0,0,0
Benin,,0,,0,0,,0,0,0,0,1,1,,0,,1,,0,,0,,0,,0,,162,,,,452,,349,
Bermuda,125478.2864,97036.33631,116295,164073.876,186662,208050,272968,163128,147962,159545,160894,178344,193620,211126.2,231012,227490,235215,216632,207668,246567,256674,263129,272182,235978,263049,274843,229726,278782,288104,298640,225387,249449,256074
Bhutan,,0,,0,0,,0,0,0,0,0,0,,0,,0,,0,,0,,0,,0,,0,,,,0,,0,
Bolivia,3,0,3,0,0,,10,0,0,0,0,95,,191.2,,151,,58,,49,,155,,138,,155,,,,185,,128,
"Bonaire, St. Eustatius and Saba",,,,,,,,,,0,0,0,,0,,0,0,0,0,0,0,0,0,0,0,0,0,0,61,55,35,0,0
Bosnia and Herzegovina,10.54003973,27.82381868,50,149.329985,114,72,90,20,110,29,102,81,60,88.8,86,86,58,130,47,22,25,10,29,7,23,29,19,20,42,27,9,9,8
Botswana,23.12000883,11.0159604,5,6.906327,4,5,6,11,40,45,63,67,65,69.4,90,99,,79,,48,,45,,39,,30,,,,16,,53,
Brazil,34129.56853,24865,50229,62998.9712,90285,110294,188807,91453,212809,235129,196178,216116,179630,179869.5,201242.5,165863,157006,116193,141424,150929,161873,182232,162585,168692,192891,197708,134804,170654,199282,150561,147866,156639,180471
British Indian Ocean Territory,,0,0,0,0,,0,0,0,0,0,6,,15.6,,0,,60,,0,,0,,0,,0,,,,0,,2,
British Virgin Islands,2011.440989,2324.844996,3599,4466.676549,8382,10996,14843,8876,10314,15922,48047,60416,71424,61697.7,72093.7,76554,68582,62701,57517,63970,61650,67067,66988,64912,66495,71033,59998,65287,77114,84890,73618,61894,52911
Brunei Darussalam,,0,,0,0,,0,0,0,0,0,0,,0,,0,,0,,0,,0,,0,,0,,,,0,,0,
Bulgaria,1762.787341,1474.456772,1443,1172.977821,428,312,561,252,215,254,216,157,76,172.7,96,177,310,282,360,287,246,201,130,159,108,103,109,345,227,362,254,329,515
Burkina Faso,,0,0,0,0,,0,0,0,0,0,0,,0.6,,1,,1,,0,,0,,0,,0,,,,1,,11,
Burundi,,0,0,0,0,,4,4,0,0,0,0,,0,,0,,0,,0,,0,,0,,0,,,,0,,0,
Cambodia,,0,,0,0,,0,0,0,0,0,0,,0,,0,,0,,0,,0,,0,,0,,,,0,,0,
Cameroon,,0,0,0,0,,0,0,0,1,3,4,,2.4,,0,,181,,228,,235,,205,,283,,,,178,,159,
Canada,211443.8615,230841,300978,344668.8213,418925,477889,586454,378435,540255,695213,736180,808022,792871.45,825946.5,909238,844179,840611,705290,809485,831037,885796,995893,1009758,981173,1112137,1097840,1062099,1195724,1376146,1471882,1282713,1241634,1298169
Cabo Verde,,0,,0,0,,0,0,0,0,0,0,,0,,0,,1,,0,,72,,0,,0,,,,0,,0,
Cayman Islands,71038.58292,87487.52976,124972,195676.768,248770,375542,543887,315228,373316,366025,708764,796931,870932.92,901140.4,1046965.4,1111962,1201768,1217097,1210770,1369100,1503626,1766954,1796696,1742177,1807057,2000800,2074184,2472992,2787862,2804042,2591425,2657565,2545166
Central African Rep.,1.060004415,0.488295698,0,0,0,,0,0,0,0,0,0,,0,,0,,0,,0,,0,,0,,0,,,,0,,0,
Chad,,0,0,0,0,,0,0,0,0,0,0,,0,,0,,0,,0,,0,,0,,0,,,,0,,0,
Chile,5948.136784,6097,9697,11598.18149,12099,12539,12774,10299,15308,22531,23871,27912,28538,26634.8,29192,31328,29584,25893,26948,25935,30508,35096,34619,33778,35342,35881,35517,36796,37476,42535,40077,41060,46657
"China, P.R.: Hong Kong",32047.16788,23657,37661,37350.47679,46225,87518,121276,64816,92886,134817,115644,144743,126406.39,140162.3,145329.5,150785,156670,136033,126980,124224,145839,163536,167630,170544,195387,180713,162150,195536,169003,148516,134603,127384,118208
"China, P.R.: Macao",,0,,0,0,,0,0,13,56,0,0,,0,,0,,0,,0,,4,,21,,233,,,,48,,100,
"China, P.R.: Mainland",3003.88264,4963,13738,12722.51614,28443,75314,97240,54902,102303,102226,76799,120392,119180.86,103326.9,103464,133274,153627,107725,98687,101350,130257,162282,173885,159127,206020,222282,238547,290122,311768,303380,280872,242595,248384
Christmas Island,,0,,0,0,,0,0,0,0,0,0,,,,,,,,,,,,,,,,,,,,,
Cocos (Keeling) Islands,,0,,0,0,,0,0,0,0,0,0,,,,,,,,,,,,,,,,,,,,,
Colombia,2759.730869,2683,3487,4455.049905,5019,5828,6795,6848,7952,10451,15415,19996,17727,19655.6,24694,23686,23070,20037,22691,24422,26987,29068,28334,25850,27967,28792,25692,29819,27394,26048,21494,20587,22317
"Comoros, Union of the",,0,0,0,0,,0,0,0,0,0,0,,0,,0,,0,,0,,0,,0,,0,,,,0,,0,
"Congo, Dem. Rep. of the",,0,,0,0,,0,0,0,0,0,0,,0,,0,,0,,0,,0,,0,,0,,,,0,,0,
"Congo, Rep. of",,0,0,0,0,,0,44,128,149,177,223,242,252.2,253,255,245,256,173,135,119,130,152,98,162,160,142,135,128,136,138,128,130
Cook Islands,,0,0,0,73,,0,1,1,6,6,7,,1.4,,1,,0,,1,,0,,2,,10,,,,0,,0,
Costa Rica,190.6406357,218.4637817,337,259.919408,439,340,376,260,171,122,153,769,,1432.1,,1473,1589,1723,1862,1820,2024,2207,2038,1477,1871,2187,1669,1669,2756,1683,1403,1336,1657
Côte d'Ivoire,161.8206489,118.3809143,96,97.58705,92,95,159,61,264,181,289,716,778,788.7,856,1022,1323,1858,1387,1345,1367,1665,1909,1768,1852,2026,1815,2274,2376,2473,1862,1919,2252
"Croatia, Rep. of",762.7421146,629.0489606,676,715.559418,703,400,468,270,780,984,1337,2276,2333,2763.2,2504,2591,2648,2799,2959,2688,2381,2283,2028,1754,1919,1730,1726,1619,1311,1436,1106,835,499
Cuba,,0,0,0.57685,0,,0,0,0,0,0,0,2,0,2,2,2,0,0,2,2,0,0,0,0,0,0,0,0,0,0,0,0
"Curaçao, Kingdom of the Netherlands",,,,,,,,,,83309,69707,69652,,86090,,81653,76759,70084,82278,90883,72116,72737,69153,36602,39114,40926,18856,22987,32750,28876,36548,53462,48729
Curaçao and Sint Maarten,,,,,,,,,,,,,,,,,,,,,,,,,,,,,,,,,
Cyprus,109.8802119,91.80175109,100,102.617944,210,1123,2968,525,882,1355,1545,1587,1884,3296.6,3044,1716,1798,1549,1732,1549,1672,2116,2418,1830,2458,2611,2683,3733,6324,7020,1982,2936,2838
Czech Rep.,481.1001545,685,1293,1876.021891,1742,3071,5351,3753,4744,4873,4279,4420,3391,3516.6,3663,3103,2673,2938,2677,2691,3849,4765,4294,4095,4251,3959,3092,3479,3941,4796,4235,4033,4844
Denmark,12121.47674,13519,22141,23882.45298,25275,33978,47157,32337,37582,48905,43235,49269,49598.113,61460.4,75712,69233,81799,90082,91228,75340,96625,110150,92348,83604,101987,114745,129061,158731,171949,181103,149995,173050,194137
Djibouti,,0,,0,0,,0,0,0,0,0,0,,0,,0,,0,,0,,0,,0,,0,,,,0,,0,
Dominica,,0,0,0,0,,0,0,0,0,0,0,,,,0,,0,,0,,0,,0,,0,,,,0,,0,
Dominican Rep.,163.5206269,310.0898601,512,502.909469,763,817,849,380,622,815,866,1102,1542,1635.8,1951,2265,2961,3595,3928,3839,4495,4013,4447,4867,5486,5288,5202,6835,6972,6689,6059,7003,7603
Ecuador,773.7831476,770.4798894,902,1114.909894,983,552,709,386,318,307,287,289,258,334.8,486,705,,974,,1899,,3497,,3822,,4226,,,,3118,,2201,
"Egypt, Arab Rep. of",602.8810948,485.3342204,571,1151.854155,3755,6686,11868,4792,5778,10378,4614,4655,3186.2489,3394.5,3618.8,4649,4841,3084,2760,2617,6030,8093,10005,8302,11359,11818,9979,11818,11172,12018,5892,6366,4890
"Eritrea, The State of",,0,,0,0,,0,0,0,0,0,0,,0,,0,,0,,0,,0,,0,,0,,,,0,,0,
El Salvador,69.76020307,291.3553377,601,674.26082,838,935,835,490,739,909,786,1175,933,941.1,936,1266,1154,1004,1112,1475,1834,2171,1950,1577,1615,1878,1298,1439,1523,1006,527,540,777
"Equatorial Guinea, Rep. of",,0,,0,0,,0,0,0,0,0,54,,0,,0,,0,,0,,0,,0,,0,,,,0,,0,
"Estonia, Rep. of",44.30002207,89.19445669,174,343.164315,97,98,174,90,98,130,120,146,141,149.6,147,126,109,118,128,113,124,214,139,123,86,76,85,49,100,174,290,394,625
"Eswatini, Kingdom of",,,,,0,,0,,,,,,,,,0,,0,,0,,0,,0,,0,,,,0,,0,
"Ethiopia, The Federal Dem. Rep. of",,0,0,0,0,,0,0,0,0,0,0,,0,,231,,239,,220,,236,,225,,248,,,,166,,149,
Falkland Islands (Malvinas),,0,,0,1,2,4,1,3,29,17,24,,18.4,,12,59,6,82,1,191,0,0,1,1,1,1,1,0,0,0,0,0
Faroe Islands,,0,,0,0,,14,6,3,27,19,22,,58.2,,119,,163,,313,,694,,1199,,1080,,,,1021,,297,
"Fiji, Rep. of",,0,,0,0,7,29,27,21,17,7,7,,11,,67,68,45,45,47,50,50,59,68,84,85,86,0,0,0,0,0,0
Finland,55138.61373,37570,41126,38895.83141,48778,59934,94173,40959,34797,40621,23323,26578,29412.192,38112.2,41613.7,36823,35872,38323,39211,38860,44175,47153,48007,52832,55010,56140,55963,59712,69604,70321,56073,60074,60891
France,143571.6486,134989,183425,212505.1258,269945,397295,443513,280037,356616,360772,300683,369813,398409.49,460843,519549.9,477483,495292,466830,469314,487811,550210,598526,605643,556593,630268,656441,609220,701012,795016,795411,653346,690871,789665
French Polynesia,,0,0,0,0,,0,0,0,0,0,0,,0,,0,,0,,0,,0,,0,,0,,,,0,,0,
French Southern Territories,,0,,0,0,,0,0,0,0,0,0,,,,,,,,,,,,,,,,,,,,,
Gabon,,,,C ,0,0,0,,0,0,0,0,,,,330,540,380,467,492,541,564,448,497,553,661,640,690,671,713,618,703,590
"Gambia, The",22.20008829,23.98198335,30,0,0,,0,0,0,0,0,0,,0,,0,,0,,0,,0,,0,,0,,,,0,,0,
Georgia,4.060004415,1.677607898,0,0,0,30,150,91,117,211,221,473,493.96068,402.7,516.7,578,546,528,591,1166,1245,953,598,533,747,676,632,645,612,425,507,299,455
Germany,134141.6721,130954,186611,197486.7521,213479,288324,421683,250830,289476,295413,262597,325218,334519.63,386324.6,405664.1,370053,404208,373190,351274,369660,437192,489736,487875,398767,449963,464830,465083,526281,587958,561979,432706,452993,503555
Ghana,208.0600044,564.6829329,1216,3.531657,3,3,193,114,229,367,449,582,622,840.3,691,964,1168,1230,1269,1714,2972,3160,3410,2855,3322,2952,3316,3434,3916,3205,1750,1231,1150
Gibraltar,22,13.7246042,31,63.616466,211,135,96,64,104,294,494,410,,471,,384,,245,,90,,198,,82,,148,,,,385,,197,
Greece,4563.247302,4111,5935,8290.181882,10554,16013,25484,8821,11474,7085,3775,4629,4671,7101,16100.8,10161,7435,7975,7402,7371,9189,9988,11930,8489,11220,11434,9645,10709,10205,9486,8125,8832,12694
Greenland,,0,,0,0,,0,0,0,0,0,0,,0,,13,,50,,56,,61,,182,,165,,,,308,,508,
Grenada,8.480035317,6.670291981,6,2.22,2,16,14,9,10,19,28,25,,19.6,,19,17,28,34,34,35,38,40,44,41,38,36,32,35,39,30,34,24
Guadeloupe,,0,,0,0,,0,0,0,0,6,0,,19.7,,0,,0,,0,,0,,0,,0,,,,0,,0,
Guam,,,,,0,,0,0,0,0,0,0,,,,,,,,,,,,,,,,,,,,,
Guatemala,60.3002428,77.06759297,109,173.391354,206,206,224,93,48,55,27,248,,370.5,,275,259,248,445,384,603,556,528,552,988,918,1227,1300,1440,1733,1395,1865,1995
Guernsey,4644.900287,4012.167136,5350,5940.680539,6396,12493,15830,6589,12271,14796,17129,27539,23055,29537.3,28412,38376,32459,37557,38174,42026,43640,50020,43848,43249,45170,46821,44357,52906,56244,64954,56364,56399,56400
"Guiana, French",,0,0,0,0,8,0,0,0,0,0,0,,0,,0,,0,,0,,0,,0,,0,,,,0,,0,
Guinea,,0,,0,0,,3,2,2,2,0,0,,0,,0,,0,,0,,0,,0,,0,,,,0,,0,
Guinea-Bissau,,0,,0,0,,0,0,0,0,0,0,,0,,0,,0,,0,,0,,0,,0,,,,0,,0,
Guyana,,2.303272,5,0,0,,0,0,0,0,0,0,,0,,0,,0,,0,,0,,0,,0,,,,0,,0,
Haiti,,0,0,0,0,,0,0,0,0,0,0,,0,,0,,0,,0,,0,,0,,0,,,,0,,0,
Holy See,,0,,0,0,,0,0,0,0,0,0,,0,,0,,0,,0,,0,,0,,0,,,,0,,0,
Honduras,44.96007063,17.94712796,50,42.902588,45,29,27,40,29,29,14,14,,294.8,,376,389,422,439,389,681,696,600,626,556,541,702,481,429,466,348,652,598
Hungary,2026.361351,2430,3091,5104.210656,5635,8410,9225,4549,6800,6565,9081,13082,14029.838,15448.5,15879.4,15258,14824,12347,11177,12021,11647,12632,11018,11776,11612,12393,9244,11092,11641,12972,9070,9636,11874
Iceland,224.3807637,161.8034733,143,242.712539,3229,7828,7268,2049,1451,1644,1447,2103,1866,1947.5,2098.7,1885,2485,2138,1665,2627,1543,2600,2395,2111,2177,2510,2514,2537,2574,2659,1581,1454,1457
India,7197.601148,8975,18699,23524.83442,33226,49231,85149,31917,65495,91486,58594,78846,79428.384,85609.9,114266.1,129208,137285,130033,134306,133009,169203,194444,182998,176016,199100,200659,166892,237809,270142,305554,249015,286810,310812
Indonesia,1840.821311,3122,5072,6987.145207,9025,14072,18349,11160,22741,34861,39112,44991,47249.576,37458.1,46983.9,51670,49349,47129,55725,56278,65676,73229,62349,66617,73011,72742,62719,68655,64658,70817,64480,64621,70418
"Iran, Islamic Rep. of",,,,C ,0,0,0,,0,0,0,0,,,,0,,0,,0,,0,,0,,0,,,,0,,0,
Iraq,,,,C ,0,0,0,,0,0,0,0,,,,592,,507,,605,,2050,,1910,,2001,,,,1591,,713,
Ireland,32431.41254,25815,33470,55263.59061,75368,120513,131854,62809,120020,131936,149497,180851,218765.06,280713.7,336142.3,387485,472414,498270,460378,462334,506272,495403,490896,502658,569135,647745,566759,684464,806683,926083,730166,776698,863863
Isle of Man,1,0.3964374,0,15.045865,62,569,1306,510,1301,2842,2872,3285,2859,3988.8,3540,3799,3693,3768,3836,4323,4788,6050,5338,2643,4109,4831,4196,6441,8383,8559,5971,6408,6734
Israel,21233.21268,20109,28664,34315.23598,44313,41517,54250,46064,58804,63502,57968,56544,57890.471,62534.8,70059.5,75148,75267,79785,72981,64592,70771,66211,69544,64930,67884,69562,76617,94555,109491,118462,84510,87182,85310
Italy,48207.81539,47600,66931,77709.62601,79393,105893,119963,61763,78505,65638,62483,109565,79297.969,123541,150720.5,109321,115298,106546,90924,91862,117674,140214,132068,115191,132534,142897,126700,147658,156615,162032,122301,123893,145228
Jamaica,279.1211125,141.8089122,40,203.556402,446,592,662,337,382,315,243,221,134,154.5,133,417,,858,,881,,1059,,721,,1093,,,,1133,,777,
Japan,197839.4289,195439,291850,369806.4688,520084,585567,582342,389072,405121,502796,492456,506339,614034.08,674241.1,700188.6,673241,799294,811160,792953,847316,961587,1129195,1095979,1007631,1067247,1145392,1055511,1281840,1246412,1282101,1032654,1090083,1177469
Jersey,2447.766604,3079.871172,10456,12351.52478,19057,21450,28633,37307,45956,41906,48975,49120,63913.48,75160.6,86647,91079,91964,92365,98171,102218,105529,123375,120807,100868,98964,105812,95436,129993,160835,169905,137664,161893,172721
Jordan,98.10015451,64.96165162,57,40.503315,72,61,111,78,91,118,155,231,243,1086.1,1832,2011,3258,3196,3512,3714,3940,4705,4489,4459,3570,3349,3433,2895,2625,2589,1703,1826,2168
"Kazakhstan, Rep. of",139.8005739,111.2580643,102,346.087216,336,1288,1341,749,1422,2993,3329,3798,4356,3885.3,3923,3052,3974,4043,3842,4278,5074,5688,5207,4148,4937,4952,5194,5420,6311,6951,4186,4480,4371
Kenya,15.60004415,16.15358438,21,16.961633,20,15,32,39,103,192,223,444,,957.9,,2054,1963,1707,1760,1787,1787,1831,2467,2011,2680,3009,2459,2872,2947,2713,1441,1548,1536
Kiribati,,0,,0,0,,0,1,1,2,0,0,,0,,0,,0,,0,,0,,0,,0,,,,0,,0,
"Korea, Dem. People's Rep. of",,0,,0,0,,0,0,0,0,0,0,,0,,0,,0,,0,,0,,0,,0,,,,0,,0,
"Korea, Rep. of",34474.50056,39573,53429,73613.47547,118507,123875,139555,56056,104826,148188,146206,174689,151622.1,182811.3,191249.3,178389,185073,171088,173175,177375,232581,263113,239858,213376,221377,231203,201216,301505,314062,281847,208529,204676,235363
"Kosovo, Rep. of",,,,,,,,,,,0,0,,0,,0,,0,,0,,0,,0,,0,,,,0,,0,
Kuwait,,,,C ,0,0,0,,0,0,0,0,,,,811,,701,,641,,2593,,3718,,4615,,,,6070,,6824,
Kyrgyz Rep.,,0,0,10.640387,0,,0,0,0,0,0,0,,0,,0,,0,,0,,0,,0,,0,,,,0,,0,
Lao People's Dem. Rep.,,0,,0,0,,0,0,0,0,0,0,,0,,0,,0,,0,,0,,0,,33,,,,0,,0,
Latvia,13,5.1536862,0,7.98567,13,13,18,4,10,13,148,780,696,786,811,670,665,470,473,495,222,219,242,244,379,342,230,204,107,65,116,182,305
Lebanon,86.76020307,105.1473923,150,223.122895,408,375,432,283,304,463,460,710,849.0608,913.9,1234.8,1487,1150,1260,983,2686,2738,3916,3483,2310,2158,995,443,328,289,246,172,130,138
Liberia,1359.262741,2408.588676,4328,7829.417469,6748,5786,6763,2873,4121,5413,3983,4929,4599.0961,4850.4,6065,10030,10206,12983,9561,11209,14597,16169,13953,13422,17458,19995,10225,14911,21917,21216,11876,16860,27828
"Lesotho, Kingdom of",2,1.5857496,2,25.585725,0,,0,0,0,0,4,1,,1.3,,0,,0,,0,,0,,0,,0,,,,0,,0,
Libya,,,,C ,0,0,0,,0,0,0,0,,,,0,,0,,0,,0,,0,,0,,,,0,,0,
Liechtenstein,59,30.9221172,19,35.432622,66,243,263,192,216,299,104,70,,92.1,,79,,58,,60,,58,,111,,123,,,,82,,67,
Lithuania,50.70019866,35.86829079,28,4.669152,53,41,74,44,792,1517,1982,2645,2083,2082.7,2272,2193,1657,1586,1446,1347,1451,1443,1637,1711,1733,1689,1092,1039,584,572,78,109,181
Luxembourg,13034.91575,14207.17742,23383,38049.73961,46287,60102,95121,60037,94376,100431,93219,104733,116139.88,125013.1,136285.7,133463,143598,127586,127909,131641,138448,145873,145658,138919,151127,156693,160065,191693,204787,222458,189164,200624,225724
"Madagascar, Rep. of",3,1.1893122,0,0,0,,0,0,0,2,0,2,,0.9,,2,,0,,0,,0,,0,,0,,,,0,,0,
Malawi,19,7.5323106,0,0,0,,0,0,0,1,3,0,2,0,3,4,,1,,3,,2,,4,,0,,,,0,,0,
Malaysia,4258.106997,6370,7953,10690.21243,11282,15404,25209,11936,18917,32210,35727,42419,47381.155,42222.5,44164.8,40198,38026,32761,32496,29795,32949,38681,35078,32395,32643,31649,27255,29767,28351,31082,26816,27615,25108
Maldives,,0,,0,0,,0,0,0,0,0,0,,0,,0,,0,,0,,16,,32,,34,,,,0,,0,
Mali,4,1.5857496,0,0,0,,0,0,0,0,0,0,,0,,0,,0,,0,,0,,0,,0,,,,0,,0,
Malta,93.28038849,51.72245499,19,16.5048,96,155,126,101,82,88,138,181,298,303.3,465.4,1035,757,995,881,801,777,1259,1247,1119,1127,874,976,1557,1977,1783,1809,1929,2287
"Marshall Islands, Rep. of the",66.06000441,414.9201865,942,4475.294739,5545,7461,13586,5330,7221,11174,8160,9781,14914,21279.8,26098,24260,23101,14091,11789,13291,13489,15304,14424,11673,12555,15826,9811,11103,16416,16422,15412,18077,14428
Martinique,,0,,0,0,,0,0,0,0,0,0,,0,,0,,0,,0,,0,,0,,0,,,,0,,0,
"Mauritania, Islamic Rep. of",,0,0,0,0,,0,0,0,0,19,45,,60.6,,136,,170,,1,,0,,0,,0,,,,0,,66,
Mauritius,149.4403267,140.4533486,174,325.052172,237,639,1657,956,1484,2290,4769,6088,6925.3843,7030.7,8840.5,9530,9831,10233,10272,12295,13270,19490,15151,15566,16474,17603,15970,20338,24087,30392,31408,29625,27850
Mayotte,,0,,0,0,,0,0,0,0,7,3,,1.4,,0,,0,,0,,0,,0,,0,,,,0,,1,
Mexico,48904.29368,48786,56240,66316.68516,86108,108450,109731,65182,87654,108855,108493,157089,142165.09,154015.7,164472.1,165727,162794,147611,157699,144698,167258,162692,159746,146286,157683,150930,135895,159283,165589,164646,141632,144815,161093
"Micronesia, Federated States of",,0,,0,0,,0,0,0,0,0,0,,0,,0,,0,,0,,0,,0,,0,,,,0,,0,
"Moldova, Rep. of",28.62011919,13.18398384,0,0,0,,0,0,0,0,0,4,,0,,0,,0,,0,,0,,0,,0,,,,0,,0,
Monaco,2,1.982187,3,7.543445,9,10,16,13,12,27,9,5,17,12.1,43,10,43,11,36,9,35,38,70,14,202,31,8,12,10,7,46,8,39
Mongolia,,0.4606544,1,0,0,,0,0,0,6,17,339,,275.5,,240,454,473,750,596,810,1073,922,1045,979,988,726,723,603,518,555,554,556
Montenegro,,,,,,,0,,0,0,0,1314,,0.3,,20,,13,,0,,3,,12,,44,,,,18,,10,
Montserrat,,0,,0,0,,0,0,0,0,0,0,,0,,0,,0,,0,,0,,0,,0,,,,0,,0,
Morocco,368.7813818,241.5639324,163,228.272062,440,416,455,381,293,475,426,1011,1044,1085.1,2141,2267,2485,2336,2412,2427,2327,2250,2084,1945,2017,2334,2094,3294,3364,3386,2556,2408,2744
"Mozambique, Rep. of",3,1.1893122,0,0,0,,0,0,0,0,0,0,,0,,0,,0,,73,,96,,121,,125,,,,139,,208,
Myanmar,,0,0,0,0,,0,0,0,0,0,21,,13.9,,0,,0,,0,,0,,0,,0,,,,0,,0,
Namibia,1,0.3964374,3,0.564333,1,2,3,3,4,1,167,130,129,92.3,152,169,132,294,346,350,347,446,411,455,379,327,236,248,195,125,103,110,246
"Nauru, Rep. of",,0,,0,0,,0,0,0,0,0,0,,0,,0,,0,,0,,0,,0,,0,,,,0,,0,
Nepal,,0,0,0,0,,0,0,0,0,0,0,,0,,0,,0,,0,,0,,0,,0,,,,0,,0,
"Netherlands, The",149081.5275,138711,182193,202361.0353,191882,234065,235059,169342,232918,232885,241757,286054,323977.02,386448.7,412789.2,388031,457296,404133,408263,432952,497693,534442,528624,452853,532063,569940,549544,625067,714082,748105,552644,579906,653358
Netherlands Antilles,16046.12553,16268.14886,24737,30277.32115,47222,58173,89289,38474,57311,,,,,,,,,,,,,,,,,,,,,,,,
New Caledonia,,0,,0,0,,0,0,0,0,0,0,,0,,0,,0,,0,,0,,0,,0,,,,3,,0,
New Zealand,4129.168547,5796.44727,10558,12033.62441,11935,11372,9798,12240,15643,17296,18460,17967,16512.057,17552.2,21355.2,22294,18504,20395,21826,20222,21922,20469,22796,23787,25030,29209,27529,32654,30575,32765,25822,28375,25789
Nicaragua,22.08007946,8.789322557,1,38.017325,31,28,29,1,27,24,0,0,,0,,0,,0,,1,,1,,1,,1,,,,0,,0,
Niger,,0,0,0,0,,0,2,3,3,0,0,,,,0,,0,,0,,0,,1,,1,,,,1,,1,
Nigeria,,,,C ,0,0,0,,0,0,0,0,,,,3340,3152,2261,1584,1544,2252,4188,6088,4144,5973,4297,3131,3818,3496,4064,3076,3117,3557
Niue,,0,,0,0,,0,0,0,0,0,0,,0,,0,,0,,0,,0,,0,,0,,,,0,,0,
Norfolk Island,,0,,0,0,,0,0,0,0,0,0,,,,,,,,,,,,,,,,,,,,,
"North Macedonia, Republic of",33.92014127,34.97294712,42,40.379205,53,,0,0,1,13,8,14,,6.6,,208,,295,,385,,568,,537,,122,,,,314,,323,
Norway,14641.42468,12386,21243,30477.13978,36334,50573,67909,33349,52354,56074,62538,73282,73861.588,76844.1,81672.7,72895,65418,57893,55772,59174,63322,71188,68776,61139,71742,67353,61249,72714,86362,85739,77418,86499,75678
Oman,,,,C ,0,0,0,,0,0,0,0,,,,750,445,346,657,683,2083,1779,3129,3258,3014,3463,2527,3237,3982,4919,4282,4726,4786
Pakistan,180.3403929,226,133,146.618601,389,1026,1757,631,784,1174,917,1323,1225,1419.8,2200,2932,3404,2783,3014,3758,3740,3430,3113,2600,2138,2793,1691,1777,2156,2238,1511,935,887
"Palau, Rep. of",,0,,0,0,,0,0,0,0,0,0,,0,,0,,0,,0,,0,,0,,0,,,,0,,0,
Panama,9955.87007,11732.77746,18648,24303.24023,26151,26069,29435,14814,20530,25609,20710,23336,23189,27871.6,26499.1,27154,26971,27240,24204,29348,33592,33929,31457,25123,28697,31122,24551,34603,41323,38863,27013,28677,41850
Papua New Guinea,155,154.610586,235,314.100929,782,1298,2429,1820,2802,1310,1355,1479,1551,1672,2172,1562,1519,1616,1642,1790,1736,1958,2336,1677,1838,1858,754,969,907,42,36,42,40
Paraguay,,0,0,0,0,,0,3,5,5,47,218,,393.2,,1044,,1028,,933,,1048,,1417,,1626,,,,2487,,2091,
Peru,1673.125086,2486,3999,3874.94146,4588,3763,4604,3576,4978,7576,8900,10830,10363,9478,10985,10437,10433,8709,10712,10253,11743,12940,12898,13284,15673,15233,16719,19316,18578,21069,18564,16431,17685
Philippines,4015.211125,4555,5046,5690.076568,7179,10989,14461,7097,9326,16532,17855,22416,23903.409,22158.8,24785.2,26842,27159,23207,26316,22749,25151,27545,22461,25616,28416,26224,23633,22904,21698,23275,18550,18129,18762
Pitcairn Islands,,0,,0,0,,0,0,0,0,0,0,,0,,0,,0,,0,,0,,0,,0,,,,0,,0,
"Poland, Rep. of",3098.587915,3369,3481,5624.647297,7537,11816,13860,7841,13968,21810,24221,33665,29095,31585.1,33698,28136,26204,21599,21109,20003,25307,26669,22408,21707,20580,17113,13548,15642,15555,16668,13297,14766,19052
Portugal,4506.062212,4151,5276,6386.420314,6053,6485,8711,3822,6178,5991,4248,6425,8388,10686.6,12629.4,13282,13009,12405,12061,10624,11911,14924,13070,10696,11307,12898,12317,13022,11435,11603,12152,12464,12794
Puerto Rico,,,,,0,,0,0,0,0,0,0,,,,,,,,,,,,,,,,,,,,,
Qatar,,,,C ,0,0,0,,0,0,0,0,,,,6322,6063,5299,5990,6415,6811,7774,10653,13158,17895,17756,19875,19505,18695,24837,20443,18652,16917
Reunion,,0,,0,0,,0,2,1,0,0,0,,,,,,,,,,,,,,,,,,,,,
Romania,12.54003973,73.60157988,151,172.42905,251,381,622,151,184,211,1149,1987,3203.5894,3251.7,4502.4,4813,3692,3690,3720,3684,3929,4196,4533,4547,5719,5463,5920,8523,8071,8179,7152,7577,9384
Russian Federation,10207.7033,13301,21555,21314.47232,28764,48441,80919,24616,50814,62285,51334,66531,63626,70898.5,69372,40745,50072,39625,48934,61740,55027,69190,63257,56599,75034,83401,68791,72448,83423,83849,33233,29907,30526
Rwanda,,0,0,0,0,,0,0,0,0,0,0,,124.6,,92,,131,,116,,100,,109,,124,,,,138,,103,
Saint Helena,,0,,0,0,,0,0,0,0,0,0,,0,,0,,0,,0,,0,,0,,0,,,,0,,0,
Saint Pierre and Miquelon,,0,,0,0,,0,0,0,0,0,0,,0,,0,,0,,0,,0,,0,,0,,,,0,,0,
Samoa,,0,,0,0,,0,0,0,0,0,0,,0,,0,,0,,0,,0,,0,,0,,,,0,,0,
"San Marino, Rep. of",,0,,0,0,,0,0,0,0,0,0,,0,,0,,0,,0,,0,,0,,0,,,,1,,0,
"São Tomé and Príncipe, Dem. Rep. of",,,,0,0,,0,0,0,0,0,0,,0,,0,,0,,0,,0,,0,,0,,,,0,,0,
Saudi Arabia,,,,C ,0,0,0,,0,0,0,0,,,,0,,9,,3907,,7823,,7584,,27965,,,,48381,,46831,
Senegal,,0,0,0,0,1,2,1,11,36,76,39,116,56.8,149,292,300,297,318,255,651,687,971,997,1006,1140,934,1038,949,1091,736,785,802
"Serbia, Rep. of",1.060004415,7.398111698,15,1.402848,108,205,0,,0,0,436,0,,2463.8,,2939,2977,3265,2672,2614,2853,2864,2657,2328,1969,2290,2109,2329,2600,2916,2199,1958,2417
Seychelles,,0.40993885,1,0,0,2,58,1,2,7,27,16,,21.5,,27,33,31,28,29,31,7,7,19,19,17,17,14,15,15,11,16,15
Sierra Leone,,0,0,0,0,,0,0,0,0,0,0,,0,,0,,0,,0,,0,,0,,0,,,,0,,0,
Singapore,22817.606,19885,25001,29194.58762,36361,52731,64710,30481,52104,63908,59552,72896,82864.305,89054.9,93148.5,98045,109986,98913,111599,114964,151919,170700,83932,88738,104310,99007,81556,100079,104455,119597,94800,111225,113601
"Sint Maarten, Kingdom of the Netherlands",,,,,,,,,,0,0,0,,0,,50,,47,,0,,0,,0,,0,,,,56,,0,
Slovak Rep.,133.380543,100.8882322,88,190.137155,310,299,70,31,31,50,308,651,,484.4,,332,,345,,281,,386,,465,,525,,,,735,,655,
"Slovenia, Rep. of",13.54003973,45.22252268,87,36.686896,79,144,352,164,222,262,255,1359,2489,4011.9,5152.5,6183,5555,5156,3476,2157,1611,1705,1499,1634,1636,1690,1520,1572,1434,1458,886,844,894
Solomon Islands,,0,,0,0,,0,0,0,0,0,0,,0,,0,,0,,0,,0,,0,,0,,,,0,,0,
Somalia,,0,0,0,0,,0,0,0,0,0,0,,0,,0,,0,,0,,0,,0,,0,,,,0,,0,
South Africa,7860.924777,12168,17849,24646.92997,34212,42687,53141,32218,53519,77934,70511,85830,71351,76664.5,83618,83045,88722,62855,75347,78935,87742,115363,106613,91279,100064,84911,65204,76685,82621,69885,64607,64924,58881
"South Sudan, Rep. of",,,,,,,,,,,,0,,0,,0,,0,,0,,0,,0,,0,,,,0,,0,
Spain,39922.21069,36419,51547,68904.96205,69821,110956,146413,93205,113469,87078,75689,98893,90612.096,132955,161642.1,132983,126285,115177,103572,112411,147028,158215,152836,138743,158449,162493,139688,163581,181462,171507,142529,142256,164511
Sri Lanka,157.9605121,108.9360361,88,79.23824,93,182,285,144,1025,1832,2011,2638,2917.0868,3359.4,3666,3929,3526,3391,3257,3868,4270,4461,4505,3660,4164,3703,2364,1828,1984,1453,826,860,1209
St. Kitts and Nevis,,0,0,0,3,3,0,0,0,0,0,0,,0.1,,0,,0,,0,,0,,0,,0,,,,11,,0,
St. Lucia,,0,,48.702971,98,66,62,37,15,19,43,18,18,13.9,7,11,6,9,0,0,0,0,0,0,0,0,0,0,102,11,46,21,34
St. Vincent and the Grenadines,,0,,0,0,,0,10,10,1,1,1,,0.8,,2,,1,,0,,0,,0,,0,,,,0,,0,
Sudan,,0,0,0,0,,0,0,0,0,0,0,,0,,0,,0,,0,,0,,0,,0,,,,0,,0,
Suriname,,0,,0,0,,0,0,0,0,0,0,,0,,0,,0,,257,,188,,124,,110,,,,233,,304,
Sweden,36830.27887,35450,45257,62398.2492,74619,102067,112057,59359,75744,122100,115419,121567,146965.02,164525.7,191449.4,164729,158788,137502,139143,134131,164995,172330,177259,144435,165077,155407,159429,205020,243435,263796,184770,179572,191171
Switzerland,76627.4432,85754,119715,142012.5555,196138,264243,287675,218388,305011,327036,292025,333492,393253.77,442517,475812.3,423864,452605,419714,434395,421007,486269,505951,490297,458052,567495,596729,571769,632833,684759,742256,598169,591176,631118
Syrian Arab Rep.,,0,,0,0,,0,0,0,0,0,0,,0,,0,,0,,0,,0,,0,,0,,,,0,,0,
Taiwan Province of China,19860.34106,7263,27230,34886.63784,57877,74448,81192,41418,76858,94656,72146,87640,93320,98141.6,115641,114402,126934,107699,120029,130336,165509,177729,169948,158103,169705,214872,205687,303350,351297,370725,256332,231937,293592
"Tajikistan, Rep. of",,0,,0,0,,0,0,0,0,0,0,,0,,0,,0,,0,,47,,24,,32,,,,31,,33,
"Tanzania, United Rep. of",7,3.040659109,0,0,0,,0,0,0,0,0,0,,195.6,,249,246,289,350,375,370,315,308,304,295,297,31,31,34,29,60,59,58
Thailand,2698.283258,3263,7339,7112.711498,10537,13046,16842,7619,14222,23034,23167,36732,38643.716,32696.4,36178.2,37650,37462,29764,34692,37323,43356,51055,43578,40760,49669,44373,33129,34908,35450,36107,35465,38780,34928
"Timor-Leste, Dem. Rep. of",,0,,0,0,,0,0,0,0,0,0,,,,,,,,,,,,,,0,,,,0,,0,
Togo,,0,,0,0,,0,2,1,8,2,0,,17,,51,56,136,19,52,25,27,26,31,32,44,130,150,70,72,82,57,53
Tokelau,,0,0,0,0,,0,0,0,0,0,0,,0,,0,,0,,0,,0,,0,,0,,,,0,,0,
Tonga,,0,,0,0,,0,0,0,0,0,0,,0,,0,,0,,0,,0,,0,,0,,,,0,,0,
Trinidad and Tobago,494.5812935,484.864315,632,503.18995,516,711,1472,1121,1403,1175,1146,1160,1072,1058.3,1042,900,758,720,620,810,712,677,926,761,847,733,708,753,738,715,607,613,525
Tunisia,168.3006843,666.9092147,1280,587.92807,639,608,501,407,463,560,446,462,524,562.5,641,953,1084,1216,1487,1780,1974,1842,1899,1978,2062,1666,1715,1609,1648,643,455,580,479
Türkiye,3539.105231,2617,5716,8224.458955,14200,15284,25086,15850,28526,40088,28684,50124,46616.013,38597.3,45678,47533,42223,33510,36816,29666,38472,39814,30593,27911,26972,28314,22124,23864,20149,19383,13926,20098,18290
Turkmenistan,,0,,0,0,,0,0,0,0,0,0,,0,,0,,0,,0,,0,,0,,0,,,,0,,0,
Turks and Caicos Islands,32,34.60184707,57,0,0,,0,0,0,1,119,121,112,107.8,117,416,408,407,304,325,46,43,47,42,47,43,55,47,46,41,49,141,74
Tuvalu,,0,,0,0,,0,0,0,0,0,0,,0,,0,,0,,0,,0,,0,,0,,,,0,,0,
Uganda,5,2.011913876,0,0,0,,1,2,6,0,17,54,163.48034,42.9,202.7,252,148,147,144,41,100,43,54,35,67,60,53,54,95,272,207,164,135
Ukraine,203.4008388,370.2519715,603,1551.851913,1276,1507,2138,931,960,1789,3120,5740,5716,6483.3,7394,4762,4786,6985,7494,8373,7809,8978,7834,7620,8137,10232,8955,8455,8034,6371,1912,1275,1456
United Arab Emirates,,,,C ,0,0,0,,0,0,0,0,,,,9196,10326,9094,10379,10891,13161,18801,17462,19167,20093,19550,20216,22149,26351,30267,28074,28505,27666
United Kingdom,512974.7368,494639,663120,737754.2571,814784,1075579,1142380,647361,958256,1001455,989273,1128508,1183614.3,1344095.2,1420654.3,1300299,1328986,1239501,1227872,1195918,1315689,1473490,1496756,1359579,1467667,1517165,1264311,1422401,1566423,1615424,1389962,1397034,1456640
United States,,,,,,,,,,,,,,,,,,,,,,,,,,,,,,,,,
Uruguay,602.9024943,555.0547709,608,1303.152896,1073,1694,1957,1245,1714,1812,2262,3336,2774.3798,3168.4,3349.1,3484,3576,3755,3556,3573,4194,5310,5578,4816,5490,5888,5985,6763,6542,6657,5439,5468,5798
US Pacific Islands,,,,,0,,0,0,0,0,0,0,,,,,,,,,,,,,,,,,,,,,
United States Virgin Islands,,,,,0,,0,0,0,0,0,0,,,,,,,,,,,,,,,,,,,,,
"Uzbekistan, Rep. of",1,2.261496102,4,0,0,,0,0,0,0,0,0,,0,,0,,0,,0,,0,,0,,242,,,,1114,,1040,
Vanuatu,,0,,0,0,,0,0,0,0,0,0,,0,,0,,0,,0,,0,,0,,0,,,,0,,0,
"Venezuela, Rep. Bolivariana de",3655,4490,5321,6862.525646,6114,6096,5416,3602,9647,7954,8566,13607,12607,9902.3,12174,6803,7071,6320,6114,5993,5997,3013,3845,2801,3238,1323,818,931,953,563,793,554,646
Vietnam,21,46.9867488,81,112.708195,306,238,248,199,419,1081,1368,1805,1976,2092.7,2512,2484,2805,2750,2637,2460,3020,3402,3534,3230,3529,3121,2247,2743,3183,3752,2674,2568,2795
Wallis and Futuna Islands,,0,,0,0,,0,0,0,0,0,0,,,,,,,,,,,,,,,,,,,,,
West Bank and Gaza,,0,,0,0,,0,0,0,0,1,1,,0.3,,25,,1,,0,,0,,0,,0,,,,0,,0,
Western Sahara,,0,,0,0,,0,0,0,0,0,0,,0,,0,,0,,0,,0,,0,,0,,,,0,,0,
"Yemen, Rep. of",0,0,0,0,0,,0,0,0,0,0,0,,0,,0,,0,,0,,0,,0,,0,,,,0,,0,
Zambia,5,4.148110962,5,1.742583,12,19,79,39,51,46,18,223,161.2882,142.5,410.5,689,708,838,795,885,913,880,674,501,372,354,257,287,374,732,606,546,604
Zimbabwe,88.34017217,64.94118741,61,68.156592,79,203,200,76,68,102,96,124,178,170.1,159,143,,84,,51,,72,,134,,15,,,,31,,31,
Not Specified (including Confidential),1275.165015,1201.780426,1385,1650.96195,2918,5929,11506,7691,13364,15275,16852,19910,122449.3,22449.6,178657,11,50744,8,50155,0,64767,0,85374,0,90456,0,111139,128696,154209,0,157645,0,149862
International Organizations,12360.06886,13644.60804,18640,20338.98255,21962,21911,24016,25637,48572,55057,52411,57041,58434.749,61829.1,20873.5,64510,24373,65739,26168,75339,41597,90563,40565,86182,36663,100852,43818,46610,49046,137758,56682,137108,41685
Total Value of Investment,2303603.466,2246033.854,3134244,3764346.397,4591122,5972356,7191779,4267865,5952867,6738006,6815650,7917764,8282806,9108797.8,10008738,9576214,10106773,9433088,9528585,9869968,11115479,12391814,12173972,11282286,12463725,13075093,12154312,14357736,15795870,16306739,13680775,14000387,14695814