date;min_temp;max_temp
01.04.2025;20;24
02.04.2025;22;28
03.04.2025;21;27
04.04.2025;15;22
05.04.2025;13;24
06.04.2025;15;26
07.04.2025;18;24
08.04.2025;18;23
09.04.2025;19;27
10.04.2025;20;28
11.04.2025;21;27
12.04.2025;20;28
13.04.2025;20;25
14.04.2025;16;24
15.04.2025;15;27
16.04.2025;17;25
17.04.2025;16;27
18.04.2025;18;30
19.04.2025;19;23
01.03.2025;25;34
02.03.2025;25;35
03.03.2025;25;38
04.03.2025;23;35
05.03.2025;24;36
06.03.2025;23;35
07.03.2025;23;36
08.03.2025;25;36
09.03.2025;20;28
10.03.2025;19;26
11.03.2025;19;28
12.03.2025;22;28
13.03.2025;20;26
14.03.2025;18;27
15.03.2025;18;26
16.03.2025;19;28
17.03.2025;20;31
18.03.2025;22;29
19.03.2025;18;29
20.03.2025;17;29
21.03.2025;17;30
22.03.2025;19;32
23.03.2025;22;32
24.03.2025;21;31
25.03.2025;22;28
26.03.2025;22;29
27.03.2025;22;31
28.03.2025;22;30
29.03.2025;23;30
30.03.2025;22;33
31.03.2025;21;35
01.02.2025;21;30
02.02.2025;23;33
03.02.2025;23;34
04.02.2025;24;37
05.02.2025;25;35
06.02.2025;23;31
07.02.2025;24;31
08.02.2025;21;33
09.02.2025;22;35
10.02.2025;21;37
11.02.2025;24;39
12.02.2025;24;28
13.02.2025;24;28
14.02.2025;22;30
15.02.2025;22;33
16.02.2025;23;35
17.02.2025;23;24
18.02.2025;21;26
19.02.2025;19;30
20.02.2025;22;30
21.02.2025;22;32
22.02.2025;22;32
23.02.2025;22;33
24.02.2025;22;35
25.02.2025;24;38
26.02.2025;24;34
27.02.2025;25;32
28.02.2025;25;35
01.01.2025;20;33
02.01.2025;21;32
03.01.2025;22;29
04.01.2025;20;29
05.01.2025;21;28
06.01.2025;20;28
07.01.2025;18;28
08.01.2025;21;28
09.01.2025;20;30
10.01.2025;20;30
11.01.2025;22;28
12.01.2025;21;27
13.01.2025;20;29
14.01.2025;19;31
15.01.2025;21;32
16.01.2025;22;35
17.01.2025;24;35
18.01.2025;24;32
19.01.2025;24;34
20.01.2025;24;32
21.01.2025;23;32
22.01.2025;23;34
23.01.2025;23;35
24.01.2025;25;32
25.01.2025;24;30
26.01.2025;23;30
27.01.2025;21;32
28.01.2025;24;31
29.01.2025;24;28
30.01.2025;22;27
31.01.2025;20;29
01.12.2024;20;36
02.12.2024;20;26
03.12.2024;19;26
04.12.2024;18;26
05.12.2024;19;32
06.12.2024;22;33
07.12.2024;20;25
08.12.2024;18;22
09.12.2024;18;22
10.12.2024;19;24
11.12.2024;19;27
12.12.2024;20;30
13.12.2024;21;32
14.12.2024;21;29
15.12.2024;19;25
16.12.2024;17;26
17.12.2024;18;26
18.12.2024;17;29
19.12.2024;20;31
20.12.2024;21;30
21.12.2024;22;27
22.12.2024;17;24
23.12.2024;15;26
24.12.2024;18;31
25.12.2024;21;26
26.12.2024;18;28
27.12.2024;18;29
28.12.2024;19;28
29.12.2024;20;27
30.12.2024;20;28
31.12.2024;21;31
01.11.2024;21;33
02.11.2024;23;31
03.11.2024;23;31
04.11.2024;23;31
05.11.2024;22;30
06.11.2024;22;29
07.11.2024;21;29
08.11.2024;18;24
09.11.2024;19;25
10.11.2024;18;29
11.11.2024;18;34
12.11.2024;17;22
13.11.2024;16;26
14.11.2024;17;29
15.11.2024;19;29
16.11.2024;22;35
17.11.2024;23;38
18.11.2024;22;28
19.11.2024;19;24
20.11.2024;16;20
21.11.2024;18;25
22.11.2024;20;23
23.11.2024;19;27
24.11.2024;20;31
25.11.2024;21;31
26.11.2024;23;31
27.11.2024;25;33
28.11.2024;23;28
29.11.2024;22;29
30.11.2024;21;28
08.10.2024;20;20
10.10.2024;18;20
11.10.2024;19;24
12.10.2024;17;25
13.10.2024;17;25
14.10.2024;19;28
15.10.2024;19;22
16.10.2024;18;25
17.10.2024;15;26
18.10.2024;16;22
19.10.2024;18;25
20.10.2024;18;29
21.10.2024;20;33
22.10.2024;24;35
23.10.2024;21;29
24.10.2024;22;33
25.10.2024;20;27
26.10.2024;15;23
27.10.2024;13;25
28.10.2024;16;29
29.10.2024;19;29
30.10.2024;22;29
31.10.2024;21;31
01.05.2024;19;20
02.05.2024;17;20
03.05.2024;17;18
01.04.2024;23;31
02.04.2024;21;24
03.04.2024;18;30
04.04.2024;23;27
05.04.2024;20;25
06.04.2024;15;27
07.04.2024;19;23
08.04.2024;20;28
09.04.2024;22;31
10.04.2024;22;26
11.04.2024;19;22
12.04.2024;19;23
13.04.2024;21;23
14.04.2024;21;27
15.04.2024;23;31
16.04.2024;21;26
17.04.2024;17;23
18.04.2024;13;26
19.04.2024;15;27
20.04.2024;15;28
21.04.2024;15;28
22.04.2024;17;25
23.04.2024;19;28
24.04.2024;18;24
25.04.2024;17;25
26.04.2024;19;25
27.04.2024;19;28
28.04.2024;18;22
29.04.2024;19;21
30.04.2024;19;21
01.03.2024;24;31
02.03.2024;23;34
03.03.2024;24;30
04.03.2024;21;24
05.03.2024;19;27
06.03.2024;15;28
07.03.2024;20;31
08.03.2024;22;25
09.03.2024;23;30
10.03.2024;22;29
11.03.2024;20;31
12.03.2024;19;34
13.03.2024;21;34
14.03.2024;23;35
15.03.2024;25;30
16.03.2024;24;30
17.03.2024;23;29
18.03.2024;23;34
19.03.2024;25;31
20.03.2024;24;36
21.03.2024;20;28
22.03.2024;18;25
23.03.2024;19;27
24.03.2024;17;30
25.03.2024;20;28
26.03.2024;17;27
27.03.2024;20;30
28.03.2024;21;31
29.03.2024;21;33
30.03.2024;18;30
31.03.2024;20;32
01.02.2024;20;32
02.02.2024;21;31
03.02.2024;20;35
04.02.2024;23;34
05.02.2024;24;32
06.02.2024;23;32
07.02.2024;23;33
08.02.2024;24;34
09.02.2024;25;35
10.02.2024;26;36
11.02.2024;26;35
12.02.2024;27;36
13.02.2024;21;27
14.02.2024;22;27
15.02.2024;21;28
16.02.2024;21;23
17.02.2024;21;29
18.02.2024;22;31
19.02.2024;23;30
20.02.2024;21;29
21.02.2024;19;30
22.02.2024;22;32
23.02.2024;23;35
24.02.2024;23;33
25.02.2024;24;31
26.02.2024;24;27
27.02.2024;24;32
28.02.2024;24;30
29.02.2024;24;32
01.01.2024;19;30
02.01.2024;21;30
03.01.2024;21;27
04.01.2024;20;28
05.01.2024;21;29
06.01.2024;21;33
07.01.2024;23;35
08.01.2024;25;31
09.01.2024;24;31
10.01.2024;23;33
11.01.2024;23;27
12.01.2024;21;28
13.01.2024;20;29
14.01.2024;21;36
15.01.2024;22;32
16.01.2024;21;33
17.01.2024;22;27
18.01.2024;24;29
19.01.2024;24;33
20.01.2024;22;27
21.01.2024;22;27
22.01.2024;21;28
23.01.2024;20;27
24.01.2024;20;26
25.01.2024;20;27
26.01.2024;19;28
27.01.2024;21;26
28.01.2024;21;28
29.01.2024;20;28
30.01.2024;21;30
31.01.2024;19;31
01.12.2023;23;32
02.12.2023;24;32
03.12.2023;21;32
04.12.2023;20;20
05.12.2023;20;24
06.12.2023;22;30
07.12.2023;21;27
08.12.2023;18;25
09.12.2023;17;26
10.12.2023;19;27
11.12.2023;20;29
12.12.2023;20;32
13.12.2023;21;34
14.12.2023;24;35
15.12.2023;23;35
16.12.2023;24;35
17.12.2023;25;38
18.12.2023;24;36
19.12.2023;22;32
20.12.2023;22;28
21.12.2023;23;33
22.12.2023;23;31
23.12.2023;23;32
24.12.2023;23;30
25.12.2023;22;31
26.12.2023;19;26
27.12.2023;17;28
28.12.2023;18;36
29.12.2023;22;28
30.12.2023;19;25
31.12.2023;17;26
01.11.2023;19;24
02.11.2023;18;24
03.11.2023;15;21
04.11.2023;14;20
05.11.2023;11;24
06.11.2023;17;27
07.11.2023;16;32
08.11.2023;19;28
09.11.2023;20;23
10.11.2023;18;27
11.11.2023;21;28
12.11.2023;19;25
13.11.2023;20;25
14.11.2023;21;26
15.11.2023;21;25
16.11.2023;21;27
17.11.2023;20;25
18.11.2023;20;23
19.11.2023;18;25
20.11.2023;14;29
21.11.2023;17;34
22.11.2023;20;26
23.11.2023;19;27
24.11.2023;15;27
25.11.2023;14;26
26.11.2023;18;29
27.11.2023;20;30
28.11.2023;20;23
29.11.2023;20;28
30.11.2023;20;31
01.10.2023;14;20
02.10.2023;10;20
03.10.2023;10;26
04.10.2023;17;21
05.10.2023;15;23
06.10.2023;14;25
07.10.2023;19;21
08.10.2023;17;19
09.10.2023;17;23
10.10.2023;13;27
11.10.2023;16;23
12.10.2023;14;17
13.10.2023;13;19
14.10.2023;12;23
15.10.2023;15;27
16.10.2023;18;21
17.10.2023;16;22
18.10.2023;14;21
19.10.2023;16;22
20.10.2023;17;25
21.10.2023;17;27
22.10.2023;18;28
23.10.2023;19;23
24.10.2023;19;26
25.10.2023;17;22
26.10.2023;16;22
27.10.2023;14;28
28.10.2023;20;29
29.10.2023;20;32
30.10.2023;19;24
31.10.2023;19;23
01.09.2023;15;25
02.09.2023;18;25
03.09.2023;18;21
04.09.2023;16;20
05.09.2023;12;16
06.09.2023;10;21
07.09.2023;16;21
08.09.2023;17;23
09.09.2023;15;17
10.09.2023;15;25
11.09.2023;18;34
12.09.2023;14;22
13.09.2023;13;16
14.09.2023;12;17
15.09.2023;9;20
16.09.2023;11;30
17.09.2023;15;35
18.09.2023;20;27
19.09.2023;19;23
20.09.2023;19;28
21.09.2023;21;26
22.09.2023;18;24
23.09.2023;17;24
24.09.2023;18;20
25.09.2023;16;18
26.09.2023;16;18
27.09.2023;13;18
28.09.2023;12;22
29.09.2023;16;25
30.09.2023;16;21
01.08.2023;12;27
02.08.2023;14;28
03.08.2023;16;20
04.08.2023;16;23
05.08.2023;17;20
06.08.2023;17;31
07.08.2023;14;23
08.08.2023;13;20
09.08.2023;15;18
10.08.2023;16;26
11.08.2023;17;25
12.08.2023;12;18
13.08.2023;6;15
14.08.2023;6;21
15.08.2023;9;26
16.08.2023;12;31
17.08.2023;15;33
18.08.2023;17;24
19.08.2023;12;19
20.08.2023;10;22
21.08.2023;13;24
22.08.2023;16;32
23.08.2023;16;23
24.08.2023;11;18
25.08.2023;7;18
26.08.2023;7;15
27.08.2023;5;15
28.08.2023;3;17
29.08.2023;8;22
30.08.2023;10;26
31.08.2023;12;27
01.07.2023;11;18
02.07.2023;15;19
03.07.2023;12;24
04.07.2023;12;25
05.07.2023;12;20
06.07.2023;12;27
07.07.2023;17;18
08.07.2023;16;20
09.07.2023;12;22
10.07.2023;15;19
11.07.2023;15;19
12.07.2023;16;18
13.07.2023;10;18
14.07.2023;9;14
15.07.2023;5;16
16.07.2023;9;16
17.07.2023;7;14
18.07.2023;6;14
19.07.2023;5;17
20.07.2023;11;24
21.07.2023;13;28
22.07.2023;15;30
23.07.2023;16;29
24.07.2023;16;19
25.07.2023;16;18
26.07.2023;15;23
27.07.2023;12;18
28.07.2023;12;16
29.07.2023;8;17
30.07.2023;8;22
31.07.2023;12;24
01.06.2023;12;24
02.06.2023;12;27
03.06.2023;10;26
04.06.2023;13;26
05.06.2023;14;20
06.06.2023;11;23
07.06.2023;13;26
08.06.2023;15;27
09.06.2023;14;28
10.06.2023;17;26
11.06.2023;11;15
12.06.2023;6;13
13.06.2023;4;15
14.06.2023;12;17
15.06.2023;15;16
16.06.2023;14;16
17.06.2023;11;16
18.06.2023;8;16
19.06.2023;6;18
20.06.2023;10;20
21.06.2023;13;17
22.06.2023;15;19
23.06.2023;16;21
24.06.2023;15;28
25.06.2023;17;24
26.06.2023;17;29
27.06.2023;17;28
28.06.2023;14;21
29.06.2023;8;17
30.06.2023;10;19
01.05.2023;17;25
02.05.2023;18;20
03.05.2023;17;20
04.05.2023;20;23
05.05.2023;20;22
06.05.2023;20;24
07.05.2023;20;27
08.05.2023;16;22
09.05.2023;13;23
10.05.2023;13;21
11.05.2023;12;19
12.05.2023;13;20
13.05.2023;10;21
14.05.2023;11;23
15.05.2023;13;24
16.05.2023;12;22
17.05.2023;10;24
18.05.2023;10;25
19.05.2023;12;25
20.05.2023;12;23
21.05.2023;16;22
22.05.2023;17;22
23.05.2023;14;28
24.05.2023;15;29
25.05.2023;15;29
26.05.2023;16;29
27.05.2023;18;22
28.05.2023;12;18
29.05.2023;9;20
30.05.2023;13;22
31.05.2023;11;23
01.04.2023;14;24
02.04.2023;15;26
03.04.2023;15;29
04.04.2023;18;26
05.04.2023;19;26
06.04.2023;18;24
07.04.2023;19;24
08.04.2023;20;24
09.04.2023;17;30
10.04.2023;19;32
11.04.2023;19;33
12.04.2023;21;33
13.04.2023;18;23
14.04.2023;18;22
15.04.2023;17;25
16.04.2023;19;26
17.04.2023;18;22
18.04.2023;16;24
19.04.2023;13;19
20.04.2023;11;21
21.04.2023;12;25
22.04.2023;14;27
23.04.2023;13;27
24.04.2023;16;29
25.04.2023;18;27
26.04.2023;18;25
27.04.2023;17;24
28.04.2023;15;25
29.04.2023;13;27
30.04.2023;15;29
01.03.2023;21;33
02.03.2023;21;32
03.03.2023;22;28
04.03.2023;22;30
05.03.2023;22;28
06.03.2023;23;28
07.03.2023;22;28
08.03.2023;22;33
09.03.2023;23;33
10.03.2023;24;32
11.03.2023;24;32
12.03.2023;23;31
13.03.2023;23;32
14.03.2023;23;33
15.03.2023;23;33
16.03.2023;23;34
17.03.2023;22;34
18.03.2023;22;35
19.03.2023;20;35
20.03.2023;22;34
21.03.2023;22;28
22.03.2023;23;29
23.03.2023;23;32
24.03.2023;23;29
25.03.2023;21;29
26.03.2023;22;28
27.03.2023;18;27
28.03.2023;16;31
29.03.2023;20;34
30.03.2023;21;28
31.03.2023;21;31
01.02.2023;23;33
02.02.2023;23;33
03.02.2023;23;29
04.02.2023;22;29
05.02.2023;20;29
06.02.2023;22;32
07.02.2023;21;33
08.02.2023;21;35
09.02.2023;24;31
10.02.2023;23;34
11.02.2023;20;35
12.02.2023;21;35
13.02.2023;22;38
14.02.2023;22;36
15.02.2023;22;28
16.02.2023;22;32
17.02.2023;18;25
18.02.2023;13;23
19.02.2023;12;26
20.02.2023;18;24
21.02.2023;20;28
22.02.2023;19;29
23.02.2023;21;29
24.02.2023;22;28
25.02.2023;19;26
26.02.2023;18;30
27.02.2023;19;30
28.02.2023;19;33
01.01.2023;21;36
02.01.2023;25;33
03.01.2023;22;29
04.01.2023;21;32
05.01.2023;20;32
06.01.2023;19;29
07.01.2023;19;29
08.01.2023;19;30
09.01.2023;20;32
10.01.2023;21;33
11.01.2023;19;35
12.01.2023;20;36
13.01.2023;22;32
14.01.2023;22;28
15.01.2023;23;27
16.01.2023;23;32
17.01.2023;22;30
18.01.2023;23;28
19.01.2023;24;30
20.01.2023;22;32
21.01.2023;23;35
22.01.2023;23;33
23.01.2023;22;34
24.01.2023;22;35
25.01.2023;23;35
26.01.2023;23;36
27.01.2023;22;35
28.01.2023;23;37
29.01.2023;24;30
30.01.2023;22;32
31.01.2023;23;34
01.12.2022;23;31
02.12.2022;22;35
03.12.2022;23;29
04.12.2022;23;28
05.12.2022;22;29
06.12.2022;21;29
07.12.2022;21;30
08.12.2022;18;35
09.12.2022;20;35
10.12.2022;21;32
11.12.2022;23;34
12.12.2022;19;38
13.12.2022;18;26
14.12.2022;16;29
15.12.2022;18;31
16.12.2022;21;25
17.12.2022;20;27
18.12.2022;19;24
19.12.2022;18;25
20.12.2022;20;28
21.12.2022;19;29
22.12.2022;19;29
23.12.2022;19;32
24.12.2022;19;34
25.12.2022;20;30
26.12.2022;21;24
27.12.2022;20;28
28.12.2022;18;27
29.12.2022;19;28
30.12.2022;16;32
31.12.2022;20;36
01.11.2022;10;18
02.11.2022;9;21
03.11.2022;9;24
04.11.2022;14;22
05.11.2022;14;24
06.11.2022;15;24
07.11.2022;15;22
08.11.2022;13;21
09.11.2022;13;22
10.11.2022;13;26
11.11.2022;18;26
12.11.2022;20;30
13.11.2022;21;27
14.11.2022;19;29
15.11.2022;17;29
16.11.2022;15;30
17.11.2022;16;30
18.11.2022;17;30
19.11.2022;19;31
20.11.2022;19;32
21.11.2022;21;30
22.11.2022;19;26
23.11.2022;19;26
24.11.2022;17;27
25.11.2022;16;28
26.11.2022;20;28
27.11.2022;21;28
28.11.2022;21;28
29.11.2022;20;28
30.11.2022;21;29
01.10.2022;16;21
02.10.2022;15;22
03.10.2022;13;21
04.10.2022;11;21
05.10.2022;11;24
06.10.2022;16;21
07.10.2022;17;23
08.10.2022;11;27
09.10.2022;13;19
10.10.2022;12;17
11.10.2022;14;19
12.10.2022;16;22
13.10.2022;15;25
14.10.2022;16;20
15.10.2022;16;22
16.10.2022;17;25
17.10.2022;16;24
18.10.2022;18;23
19.10.2022;18;25
20.10.2022;17;25
21.10.2022;18;28
22.10.2022;17;24
23.10.2022;15;25
24.10.2022;14;24
25.10.2022;14;27
26.10.2022;16;34
27.10.2022;19;29
28.10.2022;15;30
29.10.2022;18;31
30.10.2022;21;34
31.10.2022;13;22
01.09.2022;11;27
02.09.2022;14;19
03.09.2022;8;16
04.09.2022;6;19
05.09.2022;9;22
06.09.2022;15;22
07.09.2022;16;25
08.09.2022;13;27
09.09.2022;13;28
10.09.2022;9;17
11.09.2022;7;18
12.09.2022;12;20
13.09.2022;15;22
14.09.2022;15;20
15.09.2022;15;20
16.09.2022;15;22
17.09.2022;12;23
18.09.2022;11;24
19.09.2022;16;19
20.09.2022;16;22
21.09.2022;15;20
22.09.2022;11;19
23.09.2022;9;19
24.09.2022;7;21
25.09.2022;13;23
26.09.2022;16;25
27.09.2022;15;25
28.09.2022;15;22
29.09.2022;13;21
30.09.2022;15;22
01.08.2022;10;17
02.08.2022;13;17
03.08.2022;14;25
04.08.2022;14;25
05.08.2022;11;17
06.08.2022;8;16
07.08.2022;12;17
08.08.2022;14;17
09.08.2022;12;15
10.08.2022;12;18
11.08.2022;10;19
12.08.2022;10;23
13.08.2022;13;21
14.08.2022;11;25
15.08.2022;18;21
16.08.2022;13;17
17.08.2022;12;24
18.08.2022;10;19
19.08.2022;6;14
20.08.2022;4;17
21.08.2022;6;20
22.08.2022;8;19
23.08.2022;13;24
24.08.2022;12;26
25.08.2022;13;30
26.08.2022;15;28
27.08.2022;14;32
28.08.2022;11;17
29.08.2022;8;14
30.08.2022;7;20
31.08.2022;8;23
01.07.2022;7;20
02.07.2022;12;26
03.07.2022;13;16
04.07.2022;15;22
05.07.2022;14;21
06.07.2022;15;23
07.07.2022;14;23
08.07.2022;14;16
09.07.2022;12;25
10.07.2022;13;25
11.07.2022;16;30
12.07.2022;11;16
13.07.2022;7;17
14.07.2022;11;17
15.07.2022;16;18
16.07.2022;15;22
17.07.2022;7;14
18.07.2022;5;18
19.07.2022;10;16
20.07.2022;11;23
21.07.2022;13;27
22.07.2022;15;24
23.07.2022;18;24
24.07.2022;15;28
25.07.2022;16;27
26.07.2022;17;23
27.07.2022;15;25
28.07.2022;14;24
29.07.2022;11;15
30.07.2022;9;16
31.07.2022;7;20
01.06.2022;4;12
02.06.2022;10;13
03.06.2022;7;15
04.06.2022;8;20
05.06.2022;14;17
06.06.2022;15;19
07.06.2022;14;19
08.06.2022;11;19
09.06.2022;12;21
10.06.2022;8;16
11.06.2022;5;12
12.06.2022;6;15
13.06.2022;10;16
14.06.2022;10;20
15.06.2022;7;22
16.06.2022;7;23
17.06.2022;13;18
18.06.2022;5;13
19.06.2022;3;17
20.06.2022;6;20
21.06.2022;10;17
22.06.2022;12;16
23.06.2022;14;15
24.06.2022;14;17
25.06.2022;10;14
26.06.2022;8;14
27.06.2022;9;20
28.06.2022;12;23
29.06.2022;8;15
30.06.2022;6;17
01.05.2022;16;21
02.05.2022;14;18
03.05.2022;15;19
04.05.2022;18;21
05.05.2022;15;22
06.05.2022;15;22
07.05.2022;11;22
08.05.2022;11;23
09.05.2022;12;24
10.05.2022;13;21
11.05.2022;15;19
12.05.2022;13;20
13.05.2022;10;21
14.05.2022;12;21
15.05.2022;15;18
16.05.2022;10;15
17.05.2022;10;14
18.05.2022;12;19
19.05.2022;11;17
20.05.2022;9;17
21.05.2022;8;19
22.05.2022;10;21
23.05.2022;11;22
24.05.2022;11;25
25.05.2022;12;29
26.05.2022;17;21
27.05.2022;16;19
28.05.2022;15;19
29.05.2022;14;18
30.05.2022;8;16
31.05.2022;6;13
01.04.2022;11;21
02.04.2022;15;26
03.04.2022;18;22
04.04.2022;18;23
05.04.2022;18;24
06.04.2022;16;27
07.04.2022;17;24
08.04.2022;20;24
09.04.2022;19;24
10.04.2022;18;28
11.04.2022;21;25
12.04.2022;20;26
13.04.2022;19;23
14.04.2022;17;22
15.04.2022;12;21
16.04.2022;13;22
17.04.2022;13;24
18.04.2022;15;26
19.04.2022;14;26
20.04.2022;14;27
21.04.2022;14;27
22.04.2022;16;28
23.04.2022;14;22
24.04.2022;10;26
25.04.2022;16;29
26.04.2022;19;25
27.04.2022;20;34
28.04.2022;17;23
29.04.2022;14;20
30.04.2022;11;21
01.03.2022;20;26
02.03.2022;21;31
03.03.2022;20;32
04.03.2022;19;34
05.03.2022;23;36
06.03.2022;21;31
07.03.2022;21;34
08.03.2022;21;28
09.03.2022;23;30
10.03.2022;22;29
11.03.2022;20;23
12.03.2022;15;23
13.03.2022;19;21
14.03.2022;20;24
15.03.2022;20;27
16.03.2022;20;27
17.03.2022;16;30
18.03.2022;20;33
19.03.2022;18;25
20.03.2022;17;21
21.03.2022;14;26
22.03.2022;17;29
23.03.2022;20;27
24.03.2022;20;27
25.03.2022;18;25
26.03.2022;17;22
27.03.2022;17;27
28.03.2022;17;29
29.03.2022;16;33
30.03.2022;16;25
31.03.2022;11;20
01.02.2022;22;29
02.02.2022;20;33
03.02.2022;22;36
04.02.2022;24;31
05.02.2022;23;31
06.02.2022;22;28
07.02.2022;17;26
08.02.2022;19;27
09.02.2022;18;28
10.02.2022;20;31
11.02.2022;22;33
12.02.2022;22;34
13.02.2022;21;24
14.02.2022;19;29
15.02.2022;17;32
16.02.2022;18;33
17.02.2022;19;32
18.02.2022;22;30
19.02.2022;19;32
20.02.2022;20;34
21.02.2022;22;30
22.02.2022;23;29
23.02.2022;20;30
24.02.2022;20;33
25.02.2022;22;34
26.02.2022;23;35
27.02.2022;23;36
28.02.2022;22;28
01.01.2022;21;35
02.01.2022;22;36
03.01.2022;24;34
04.01.2022;25;30
05.01.2022;21;27
06.01.2022;20;26
07.01.2022;19;27
08.01.2022;20;28
09.01.2022;20;28
10.01.2022;19;31
11.01.2022;20;33
12.01.2022;21;33
13.01.2022;20;34
14.01.2022;21;38
15.01.2022;24;36
16.01.2022;23;39
17.01.2022;22;35
18.01.2022;22;28
19.01.2022;23;36
20.01.2022;24;36
21.01.2022;25;35
22.01.2022;25;39
23.01.2022;24;36
24.01.2022;25;35
25.01.2022;25;36
26.01.2022;23;36
27.01.2022;22;25
28.01.2022;20;26
29.01.2022;18;27
30.01.2022;20;29
31.01.2022;20;32
01.12.2021;19;24
02.12.2021;16;24
03.12.2021;18;26
04.12.2021;19;29
05.12.2021;21;27
06.12.2021;18;27
07.12.2021;18;26
08.12.2021;17;27
09.12.2021;18;26
10.12.2021;16;27
11.12.2021;18;28
12.12.2021;19;31
13.12.2021;22;33
14.12.2021;22;25
15.12.2021;22;27
16.12.2021;22;27
17.12.2021;20;29
18.12.2021;21;25
19.12.2021;20;30
20.12.2021;20;33
21.12.2021;22;31
22.12.2021;22;28
23.12.2021;19;27
24.12.2021;19;29
25.12.2021;18;32
26.12.2021;20;29
27.12.2021;19;33
28.12.2021;22;31
29.12.2021;20;30
30.12.2021;22;32
31.12.2021;22;34
01.11.2021;19;31
02.11.2021;20;32
03.11.2021;20;25
04.11.2021;19;29
05.11.2021;20;30
06.11.2021;18;25
07.11.2021;17;24
08.11.2021;15;25
09.11.2021;14;26
10.11.2021;16;25
11.11.2021;17;25
12.11.2021;16;24
13.11.2021;16;28
14.11.2021;16;31
15.11.2021;20;32
16.11.2021;20;30
17.11.2021;16;21
18.11.2021;16;19
19.11.2021;17;24
20.11.2021;12;29
21.11.2021;15;33
22.11.2021;17;36
23.11.2021;18;26
24.11.2021;15;30
25.11.2021;16;34
26.11.2021;21;25
27.11.2021;20;26
28.11.2021;20;27
29.11.2021;21;27
30.11.2021;21;28
01.10.2021;17;24
02.10.2021;15;23
03.10.2021;16;22
04.10.2021;14;19
05.10.2021;10;21
06.10.2021;14;22
07.10.2021;12;20
08.10.2021;13;21
09.10.2021;16;22
10.10.2021;17;25
11.10.2021;17;23
12.10.2021;16;27
13.10.2021;17;30
14.10.2021;21;30
15.10.2021;17;22
16.10.2021;16;18
17.10.2021;15;22
18.10.2021;13;24
19.10.2021;12;25
20.10.2021;13;24
21.10.2021;13;26
22.10.2021;15;27
23.10.2021;16;26
24.10.2021;15;25
25.10.2021;12;28
26.10.2021;15;32
27.10.2021;17;34
28.10.2021;16;29
29.10.2021;19;28
30.10.2021;20;28
31.10.2021;20;30
01.09.2021;14;29
02.09.2021;16;30
03.09.2021;17;22
04.09.2021;15;21
05.09.2021;15;21
06.09.2021;16;22
07.09.2021;17;18
08.09.2021;18;21
09.09.2021;14;21
10.09.2021;14;18
11.09.2021;15;21
12.09.2021;11;28
13.09.2021;19;21
14.09.2021;16;20
15.09.2021;13;20
16.09.2021;11;20
17.09.2021;13;20
18.09.2021;15;23
19.09.2021;18;23
20.09.2021;19;26
21.09.2021;15;21
22.09.2021;13;21
23.09.2021;13;21
24.09.2021;16;21
25.09.2021;12;23
26.09.2021;15;26
27.09.2021;18;28
28.09.2021;18;21
29.09.2021;17;22
30.09.2021;15;24
01.08.2021;7;19
02.08.2021;8;15
03.08.2021;7;17
04.08.2021;11;16
05.08.2021;14;22
06.08.2021;13;23
07.08.2021;11;28
08.08.2021;12;28
09.08.2021;13;26
10.08.2021;13;17
11.08.2021;6;14
12.08.2021;4;14
13.08.2021;9;19
14.08.2021;13;22
15.08.2021;12;20
16.08.2021;13;19
17.08.2021;15;26
18.08.2021;17;21
19.08.2021;14;35
20.08.2021;17;27
21.08.2021;15;17
22.08.2021;12;33
23.08.2021;15;20
24.08.2021;16;18
25.08.2021;16;20
26.08.2021;13;17
27.08.2021;9;20
28.08.2021;12;21
29.08.2021;14;24
30.08.2021;14;26
31.08.2021;16;28
01.07.2021;6;16
02.07.2021;7;20
03.07.2021;7;18
04.07.2021;6;16
05.07.2021;7;18
06.07.2021;11;21
07.07.2021;9;24
08.07.2021;10;22
09.07.2021;13;22
10.07.2021;10;25
11.07.2021;14;21
12.07.2021;14;24
13.07.2021;13;22
14.07.2021;16;21
15.07.2021;14;19
16.07.2021;9;18
17.07.2021;10;17
18.07.2021;7;13
19.07.2021;7;12
20.07.2021;3;15
21.07.2021;4;18
22.07.2021;3;21
23.07.2021;6;27
24.07.2021;9;27
25.07.2021;11;28
26.07.2021;16;22
27.07.2021;7;14
28.07.2021;4;10
29.07.2021;3;11
30.07.2021;1;14
31.07.2021;2;19
01.06.2021;6;21
02.06.2021;12;23
03.06.2021;10;22
04.06.2021;9;29
05.06.2021;15;31
06.06.2021;15;17
07.06.2021;13;19
08.06.2021;16;18
09.06.2021;16;20
10.06.2021;14;17
11.06.2021;11;19
12.06.2021;7;18
13.06.2021;8;21
14.06.2021;8;23
15.06.2021;11;16
16.06.2021;9;14
17.06.2021;8;14
18.06.2021;7;14
19.06.2021;11;17
20.06.2021;13;17
21.06.2021;13;16
22.06.2021;13;17
23.06.2021;12;20
24.06.2021;15;22
25.06.2021;11;19
26.06.2021;13;17
27.06.2021;10;17
28.06.2021;7;11
29.06.2021;7;9
30.06.2021;8;12
01.05.2021;13;27
02.05.2021;14;29
03.05.2021;16;32
04.05.2021;18;27
05.05.2021;14;18
06.05.2021;13;17
07.05.2021;8;19
08.05.2021;9;21
09.05.2021;10;23
10.05.2021;13;26
11.05.2021;13;19
12.05.2021;10;19
13.05.2021;8;20
14.05.2021;6;20
15.05.2021;7;20
16.05.2021;11;20
17.05.2021;14;21
18.05.2021;11;19
19.05.2021;8;19
20.05.2021;10;17
21.05.2021;13;18
22.05.2021;14;22
23.05.2021;14;16
24.05.2021;11;17
25.05.2021;8;19
26.05.2021;7;20
27.05.2021;9;23
28.05.2021;10;18
29.05.2021;14;20
30.05.2021;6;15
31.05.2021;4;17
01.04.2021;17;26
02.04.2021;15;24
03.04.2021;18;28
04.04.2021;18;29
05.04.2021;18;30
06.04.2021;21;30
07.04.2021;18;29
08.04.2021;19;31
09.04.2021;19;33
10.04.2021;21;34
11.04.2021;21;34
12.04.2021;18;29
13.04.2021;18;25
14.04.2021;16;27
15.04.2021;17;28
16.04.2021;21;28
17.04.2021;22;26
18.04.2021;19;26
19.04.2021;15;26
20.04.2021;19;26
21.04.2021;19;25
22.04.2021;16;26
23.04.2021;15;28
24.04.2021;15;28
25.04.2021;17;24
26.04.2021;14;21
27.04.2021;13;22
28.04.2021;11;22
29.04.2021;11;24
30.04.2021;11;26
01.03.2021;22;31
02.03.2021;22;32
03.03.2021;24;33
04.03.2021;22;28
05.03.2021;21;26
06.03.2021;20;28
07.03.2021;17;29
08.03.2021;20;30
09.03.2021;21;27
10.03.2021;20;27
11.03.2021;18;29
12.03.2021;19;29
13.03.2021;17;31
14.03.2021;20;30
15.03.2021;21;29
16.03.2021;23;34
17.03.2021;22;30
18.03.2021;21;25
19.03.2021;19;28
20.03.2021;20;33
21.03.2021;23;27
22.03.2021;22;25
23.03.2021;22;25
24.03.2021;21;28
25.03.2021;20;32
26.03.2021;22;29
27.03.2021;22;25
28.03.2021;22;27
29.03.2021;19;26
30.03.2021;18;24
31.03.2021;17;25
01.02.2021;23;31
02.02.2021;23;34
03.02.2021;24;30
04.02.2021;21;27
05.02.2021;18;26
06.02.2021;18;28
07.02.2021;18;29
08.02.2021;19;29
09.02.2021;19;31
10.02.2021;21;31
11.02.2021;22;31
12.02.2021;22;30
13.02.2021;21;31
14.02.2021;23;30
15.02.2021;20;30
16.02.2021;21;30
17.02.2021;19;29
18.02.2021;20;28
19.02.2021;20;30
20.02.2021;19;30
21.02.2021;21;31
22.02.2021;21;34
23.02.2021;23;29
24.02.2021;21;30
25.02.2021;20;30
26.02.2021;19;30
27.02.2021;22;29
28.02.2021;22;28
01.01.2021;20;29
02.01.2021;18;28
03.01.2021;18;31
04.01.2021;20;32
05.01.2021;22;29
06.01.2021;22;31
07.01.2021;23;33
08.01.2021;22;34
09.01.2021;20;36
10.01.2021;26;35
11.01.2021;25;38
12.01.2021;23;28
13.01.2021;21;26
14.01.2021;21;28
15.01.2021;21;32
16.01.2021;21;33
17.01.2021;21;30
18.01.2021;21;27
19.01.2021;17;29
20.01.2021;21;27
21.01.2021;21;28
22.01.2021;22;30
23.01.2021;22;32
24.01.2021;22;33
25.01.2021;21;33
26.01.2021;22;34
27.01.2021;23;30
28.01.2021;22;26
29.01.2021;22;32
30.01.2021;23;32
31.01.2021;22;29
01.12.2020;19;27
02.12.2020;21;31
03.12.2020;21;29
04.12.2020;19;29
05.12.2020;19;22
06.12.2020;18;20
07.12.2020;18;25
08.12.2020;17;27
09.12.2020;21;28
10.12.2020;18;31
11.12.2020;21;37
12.12.2020;22;30
13.12.2020;21;34
14.12.2020;20;24
15.12.2020;18;31
16.12.2020;22;31
17.12.2020;23;30
18.12.2020;21;32
19.12.2020;22;33
20.12.2020;22;28
21.12.2020;18;27
22.12.2020;16;27
23.12.2020;17;29
24.12.2020;22;32
25.12.2020;22;31
26.12.2020;21;29
27.12.2020;22;30
28.12.2020;22;30
29.12.2020;21;33
30.12.2020;22;34
31.12.2020;22;29
01.11.2020;16;23
02.11.2020;11;24
03.11.2020;14;23
04.11.2020;16;22
05.11.2020;12;23
06.11.2020;13;25
07.11.2020;18;28
08.11.2020;20;26
09.11.2020;20;23
10.11.2020;19;30
11.11.2020;20;28
12.11.2020;20;28
13.11.2020;21;28
14.11.2020;20;33
15.11.2020;22;30
16.11.2020;19;27
17.11.2020;16;25
18.11.2020;14;24
19.11.2020;15;25
20.11.2020;15;23
21.11.2020;16;26
22.11.2020;16;26
23.11.2020;16;30
24.11.2020;20;35
25.11.2020;20;38
26.11.2020;22;28
27.11.2020;21;25
28.11.2020;22;31
29.11.2020;21;31
30.11.2020;21;26
01.10.2020;19;26
02.10.2020;15;23
03.10.2020;13;15
04.10.2020;14;18
05.10.2020;17;23
06.10.2020;13;21
07.10.2020;15;20
08.10.2020;15;24
09.10.2020;14;23
10.10.2020;14;21
11.10.2020;10;26
12.10.2020;15;27
13.10.2020;13;24
14.10.2020;15;24
15.10.2020;14;24
16.10.2020;18;25
17.10.2020;14;27
18.10.2020;16;30
19.10.2020;18;33
20.10.2020;17;27
21.10.2020;20;25
22.10.2020;20;26
23.10.2020;20;25
24.10.2020;20;31
25.10.2020;20;32
26.10.2020;20;27
27.10.2020;14;20
28.10.2020;17;27
29.10.2020;17;19
30.10.2020;12;21
31.10.2020;15;23
01.09.2020;12;18
02.09.2020;16;26
03.09.2020;12;19
04.09.2020;12;19
05.09.2020;13;16
06.09.2020;15;16
07.09.2020;14;16
08.09.2020;16;21
09.09.2020;18;26
10.09.2020;15;22
11.09.2020;15;26
12.09.2020;16;19
13.09.2020;17;23
14.09.2020;11;19
15.09.2020;8;19
16.09.2020;15;19
17.09.2020;14;23
18.09.2020;15;26
19.09.2020;12;20
20.09.2020;11;17
21.09.2020;7;20
22.09.2020;10;19
23.09.2020;10;27
24.09.2020;14;29
25.09.2020;15;28
26.09.2020;18;27
27.09.2020;20;24
28.09.2020;14;21
29.09.2020;11;23
30.09.2020;18;26
01.08.2020;14;23
02.08.2020;11;27
03.08.2020;13;27
04.08.2020;13;27
05.08.2020;12;26
06.08.2020;11;28
07.08.2020;13;24
08.08.2020;13;19
09.08.2020;12;25
10.08.2020;13;31
11.08.2020;9;19
12.08.2020;7;14
13.08.2020;12;16
14.08.2020;14;21
15.08.2020;14;22
16.08.2020;9;19
17.08.2020;7;22
18.08.2020;12;25
19.08.2020;12;18
20.08.2020;9;12
21.08.2020;4;14
22.08.2020;4;17
23.08.2020;6;23
24.08.2020;11;24
25.08.2020;13;26
26.08.2020;14;30
27.08.2020;16;30
28.08.2020;16;21
29.08.2020;15;30
30.08.2020;12;17
31.08.2020;11;14
01.07.2020;11;15
02.07.2020;8;12
03.07.2020;4;13
04.07.2020;4;20
05.07.2020;13;16
06.07.2020;12;14
07.07.2020;12;15
08.07.2020;12;16
09.07.2020;8;14
10.07.2020;5;20
11.07.2020;12;17
12.07.2020;13;15
13.07.2020;10;16
14.07.2020;6;12
15.07.2020;2;14
16.07.2020;9;12
17.07.2020;10;20
18.07.2020;13;29
19.07.2020;15;31
20.07.2020;15;28
21.07.2020;15;29
22.07.2020;15;30
23.07.2020;16;30
24.07.2020;14;29
25.07.2020;9;14
26.07.2020;5;19
27.07.2020;11;21
28.07.2020;10;13
29.07.2020;5;13
30.07.2020;4;17
31.07.2020;7;22
01.06.2020;9;15
02.06.2020;8;16
03.06.2020;11;20
04.06.2020;14;25
05.06.2020;17;19
06.06.2020;15;18
07.06.2020;14;18
08.06.2020;10;20
09.06.2020;15;18
10.06.2020;13;20
11.06.2020;17;21
12.06.2020;17;25
13.06.2020;11;22
14.06.2020;6;15
15.06.2020;6;19
16.06.2020;11;25
17.06.2020;13;27
18.06.2020;15;28
19.06.2020;17;21
20.06.2020;18;29
21.06.2020;17;31
22.06.2020;17;22
23.06.2020;14;30
24.06.2020;16;31
25.06.2020;12;25
26.06.2020;9;13
27.06.2020;7;16
28.06.2020;7;17
29.06.2020;8;15
30.06.2020;13;16
01.05.2020;14;24
02.05.2020;13;22
03.05.2020;11;24
04.05.2020;11;25
05.05.2020;16;20
06.05.2020;12;18
07.05.2020;9;20
08.05.2020;9;22
09.05.2020;8;25
10.05.2020;10;28
11.05.2020;13;32
12.05.2020;18;19
13.05.2020;17;20
14.05.2020;11;20
15.05.2020;9;19
16.05.2020;9;22
17.05.2020;12;26
18.05.2020;12;26
19.05.2020;13;28
20.05.2020;14;30
21.05.2020;17;25
22.05.2020;18;22
23.05.2020;15;18
24.05.2020;14;17
25.05.2020;13;21
26.05.2020;12;18
27.05.2020;9;19
28.05.2020;7;25
29.05.2020;9;25
30.05.2020;11;24
31.05.2020;12;20
01.04.2020;22;29
02.04.2020;20;28
03.04.2020;17;24
04.04.2020;15;26
05.04.2020;14;29
06.04.2020;19;23
07.04.2020;16;22
08.04.2020;11;22
09.04.2020;16;22
10.04.2020;14;24
11.04.2020;15;24
12.04.2020;12;26
13.04.2020;14;30
14.04.2020;16;22
15.04.2020;14;23
16.04.2020;13;23
17.04.2020;15;22
18.04.2020;13;26
19.04.2020;14;28
20.04.2020;15;29
21.04.2020;15;30
22.04.2020;15;28
23.04.2020;15;28
24.04.2020;15;30
25.04.2020;15;32
26.04.2020;20;26
27.04.2020;21;25
28.04.2020;20;32
29.04.2020;19;26
30.04.2020;12;25
01.03.2020;18;30
02.03.2020;20;29
03.03.2020;19;29
04.03.2020;20;28
05.03.2020;17;28
06.03.2020;18;29
07.03.2020;18;31
08.03.2020;19;34
09.03.2020;21;36
10.03.2020;21;31
11.03.2020;22;32
12.03.2020;21;37
13.03.2020;23;34
14.03.2020;22;38
15.03.2020;25;29
16.03.2020;21;24
17.03.2020;19;28
18.03.2020;22;28
19.03.2020;23;30
20.03.2020;18;27
21.03.2020;17;28
22.03.2020;18;29
23.03.2020;19;31
24.03.2020;19;31
25.03.2020;18;32
26.03.2020;18;31
27.03.2020;19;31
28.03.2020;21;32
29.03.2020;23;30
30.03.2020;21;33
31.03.2020;23;31
01.02.2020;21;30
02.02.2020;20;32
03.02.2020;23;32
04.02.2020;22;33
05.02.2020;23;34
06.02.2020;24;35
07.02.2020;24;34
08.02.2020;24;35
09.02.2020;22;28
10.02.2020;18;26
11.02.2020;18;28
12.02.2020;20;29
13.02.2020;20;32
14.02.2020;20;31
15.02.2020;24;34
16.02.2020;24;37
17.02.2020;25;38
18.02.2020;25;32
19.02.2020;23;31
20.02.2020;21;30
21.02.2020;19;26
22.02.2020;15;25
23.02.2020;16;27
24.02.2020;18;34
25.02.2020;21;33
26.02.2020;20;25
27.02.2020;17;28
28.02.2020;17;30
29.02.2020;17;30
01.01.2020;24;34
02.01.2020;22;27
03.01.2020;21;28
04.01.2020;21;29
05.01.2020;20;32
06.01.2020;22;36
07.01.2020;23;30
08.01.2020;22;31
09.01.2020;22;38
10.01.2020;23;36
11.01.2020;23;31
12.01.2020;23;32
13.01.2020;20;31
14.01.2020;20;34
15.01.2020;24;35
16.01.2020;19;25
17.01.2020;15;26
18.01.2020;17;30
19.01.2020;20;34
20.01.2020;23;35
21.01.2020;23;31
22.01.2020;22;29
23.01.2020;21;28
24.01.2020;21;29
25.01.2020;19;32
26.01.2020;22;34
27.01.2020;23;32
28.01.2020;22;30
29.01.2020;23;28
30.01.2020;23;28
31.01.2020;23;30
01.12.2019;19;26
02.12.2019;17;25
03.12.2019;13;29
04.12.2019;19;33
05.12.2019;19;27
06.12.2019;16;29
07.12.2019;17;29
08.12.2019;17;32
09.12.2019;21;33
10.12.2019;19;35
11.12.2019;19;35
12.12.2019;23;34
13.12.2019;19;26
14.12.2019;17;32
15.12.2019;22;36
16.12.2019;21;27
17.12.2019;20;27
18.12.2019;17;28
19.12.2019;19;32
20.12.2019;21;36
21.12.2019;24;30
22.12.2019;18;26
23.12.2019;16;30
24.12.2019;16;34
25.12.2019;20;37
26.12.2019;23;36
27.12.2019;23;38
28.12.2019;23;38
29.12.2019;23;38
30.12.2019;23;36
31.12.2019;23;39
01.11.2019;19;25
02.11.2019;19;32
03.11.2019;20;23
04.11.2019;19;21
05.11.2019;19;24
06.11.2019;14;25
07.11.2019;17;25
08.11.2019;19;28
09.11.2019;19;28
10.11.2019;20;23
11.11.2019;19;24
12.11.2019;19;29
13.11.2019;21;31
14.11.2019;20;28
15.11.2019;20;24
16.11.2019;16;26
17.11.2019;16;30
18.11.2019;17;31
19.11.2019;18;31
20.11.2019;20;34
21.11.2019;20;34
22.11.2019;22;33
23.11.2019;19;25
24.11.2019;16;25
25.11.2019;17;28
26.11.2019;19;28
27.11.2019;18;24
28.11.2019;13;27
29.11.2019;15;32
30.11.2019;21;32
01.10.2019;19;37
02.10.2019;20;26
03.10.2019;18;20
04.10.2019;18;23
05.10.2019;17;21
06.10.2019;16;19
07.10.2019;16;27
08.10.2019;16;27
09.10.2019;15;32
10.10.2019;17;32
11.10.2019;18;36
12.10.2019;20;39
13.10.2019;21;28
14.10.2019;13;22
15.10.2019;14;19
16.10.2019;18;21
17.10.2019;19;23
18.10.2019;20;28
19.10.2019;16;22
20.10.2019;15;21
21.10.2019;16;20
22.10.2019;15;22
23.10.2019;13;26
24.10.2019;18;28
25.10.2019;16;26
26.10.2019;14;31
27.10.2019;20;22
28.10.2019;18;29
29.10.2019;21;26
30.10.2019;19;22
31.10.2019;20;21
01.09.2019;12;19
02.09.2019;9;20
03.09.2019;11;17
04.09.2019;7;16
05.09.2019;8;16
06.09.2019;12;20
07.09.2019;14;20
08.09.2019;18;26
09.09.2019;17;36
10.09.2019;16;25
11.09.2019;16;19
12.09.2019;15;18
13.09.2019;13;19
14.09.2019;15;23
15.09.2019;16;31
16.09.2019;17;28
17.09.2019;14;17
18.09.2019;13;18
19.09.2019;10;25
20.09.2019;12;19
21.09.2019;11;20
22.09.2019;9;20
23.09.2019;7;21
24.09.2019;12;25
25.09.2019;13;25
26.09.2019;17;26
27.09.2019;15;23
28.09.2019;14;24
29.09.2019;13;26
30.09.2019;15;34
01.08.2019;12;30
02.08.2019;10;15
03.08.2019;8;15
04.08.2019;6;15
05.08.2019;6;21
06.08.2019;9;27
07.08.2019;14;29
08.08.2019;14;26
09.08.2019;18;22
10.08.2019;12;20
11.08.2019;9;19
12.08.2019;14;19
13.08.2019;9;14
14.08.2019;7;14
15.08.2019;7;22
16.08.2019;9;26
17.08.2019;14;31
18.08.2019;12;23
19.08.2019;8;14
20.08.2019;9;15
21.08.2019;6;16
22.08.2019;7;20
23.08.2019;11;17
24.08.2019;8;21
25.08.2019;12;24
26.08.2019;12;24
27.08.2019;15;25
28.08.2019;14;28
29.08.2019;15;34
30.08.2019;17;28
31.08.2019;15;18
01.07.2019;10;15
02.07.2019;7;15
03.07.2019;7;14
04.07.2019;4;13
05.07.2019;6;11
06.07.2019;4;11
07.07.2019;2;13
08.07.2019;3;19
09.07.2019;5;20
10.07.2019;8;21
11.07.2019;10;26
12.07.2019;11;28
13.07.2019;14;18
14.07.2019;10;13
15.07.2019;8;13
16.07.2019;7;15
17.07.2019;7;18
18.07.2019;9;22
19.07.2019;12;21
20.07.2019;12;27
21.07.2019;13;28
22.07.2019;15;26
23.07.2019;8;19
24.07.2019;16;19
25.07.2019;16;20
26.07.2019;13;19
27.07.2019;11;14
28.07.2019;8;17
29.07.2019;9;22
30.07.2019;15;21
31.07.2019;12;23
01.06.2019;16;20
02.06.2019;17;21
03.06.2019;16;21
04.06.2019;3;19
05.06.2019;11;22
06.06.2019;12;23
07.06.2019;13;25
08.06.2019;16;18
09.06.2019;15;23
10.06.2019;17;26
11.06.2019;15;27
12.06.2019;16;27
13.06.2019;17;29
14.06.2019;17;30
15.06.2019;17;29
16.06.2019;16;29
17.06.2019;8;24
18.06.2019;18;27
19.06.2019;14;22
20.06.2019;11;19
21.06.2019;9;23
22.06.2019;12;27
23.06.2019;14;28
24.06.2019;16;29
25.06.2019;13;29
26.06.2019;7;13
27.06.2019;4;20
28.06.2019;12;23
29.06.2019;18;32
30.06.2019;15;27
01.05.2019;19;25
02.05.2019;6;25
03.05.2019;18;29
04.05.2019;22;27
05.05.2019;21;30
06.05.2019;21;24
07.05.2019;17;22
08.05.2019;15;22
09.05.2019;19;25
10.05.2019;0;22
11.05.2019;18;21
12.05.2019;17;21
13.05.2019;16;22
14.05.2019;16;20
15.05.2019;18;22
16.05.2019;17;23
17.05.2019;15;24
18.05.2019;15;25
19.05.2019;17;27
20.05.2019;16;25
21.05.2019;18;22
22.05.2019;19;22
23.05.2019;17;19
24.05.2019;16;18
25.05.2019;13;20
26.05.2019;11;23
27.05.2019;17;24
28.05.2019;18;20
29.05.2019;16;21
30.05.2019;15;18
31.05.2019;15;19
01.04.2019;22;30
02.04.2019;20;32
03.04.2019;23;32
04.04.2019;23;33
05.04.2019;20;24
06.04.2019;20;24
07.04.2019;20;24
08.04.2019;18;25
09.04.2019;15;25
10.04.2019;15;28
11.04.2019;18;30
12.04.2019;21;23
13.04.2019;19;29
14.04.2019;20;31
15.04.2019;20;27
16.04.2019;19;23
17.04.2019;17;26
18.04.2019;16;25
19.04.2019;17;26
20.04.2019;18;27
21.04.2019;19;22
22.04.2019;18;21
23.04.2019;19;25
24.04.2019;19;28
25.04.2019;22;24
26.04.2019;22;25
27.04.2019;21;23
28.04.2019;18;23
29.04.2019;17;24
30.04.2019;15;24
01.03.2019;18;30
02.03.2019;21;31
03.03.2019;22;29
04.03.2019;21;35
05.03.2019;22;34
06.03.2019;22;31
07.03.2019;23;32
08.03.2019;23;30
09.03.2019;22;23
10.03.2019;20;24
11.03.2019;18;26
12.03.2019;19;28
13.03.2019;22;27
14.03.2019;20;28
15.03.2019;19;28
16.03.2019;21;30
17.03.2019;22;25
18.03.2019;22;26
19.03.2019;21;29
20.03.2019;20;24
21.03.2019;17;22
22.03.2019;13;25
23.03.2019;16;27
24.03.2019;17;29
25.03.2019;18;25
26.03.2019;15;25
27.03.2019;17;24
28.03.2019;19;27
29.03.2019;20;28
30.03.2019;18;31
31.03.2019;22;29
01.02.2019;24;35
02.02.2019;23;30
03.02.2019;21;25
04.02.2019;18;26
05.02.2019;18;28
06.02.2019;18;30
07.02.2019;20;32
08.02.2019;20;34
09.02.2019;23;36
10.02.2019;24;30
11.02.2019;23;34
12.02.2019;21;25
13.02.2019;18;26
14.02.2019;20;30
15.02.2019;21;25
16.02.2019;21;28
17.02.2019;22;29
18.02.2019;23;31
19.02.2019;22;31
20.02.2019;23;33
21.02.2019;20;34
22.02.2019;21;34
23.02.2019;23;35
24.02.2019;23;31
25.02.2019;19;23
26.02.2019;19;23
27.02.2019;20;25
28.02.2019;18;27
01.01.2019;24;35
02.01.2019;24;38
03.01.2019;22;31
04.01.2019;20;25
05.01.2019;21;28
06.01.2019;21;35
07.01.2019;25;35
08.01.2019;23;32
09.01.2019;24;28
10.01.2019;24;29
11.01.2019;23;26
12.01.2019;22;26
13.01.2019;22;34
14.01.2019;23;32
15.01.2019;24;34
16.01.2019;23;31
17.01.2019;23;28
18.01.2019;22;28
19.01.2019;20;25
20.01.2019;20;27
21.01.2019;22;29
22.01.2019;21;33
23.01.2019;23;34
24.01.2019;25;31
25.01.2019;22;31
26.01.2019;23;34
27.01.2019;23;35
28.01.2019;24;36
29.01.2019;25;37
30.01.2019;25;38
31.01.2019;24;36
01.12.2018;20;27
02.12.2018;16;22
03.12.2018;15;24
04.12.2018;14;28
05.12.2018;18;26
06.12.2018;17;25
07.12.2018;16;23
08.12.2018;13;25
09.12.2018;14;31
10.12.2018;18;33
11.12.2018;21;37
12.12.2018;24;29
13.12.2018;23;30
14.12.2018;23;35
15.12.2018;22;29
16.12.2018;22;32
17.12.2018;23;35
18.12.2018;22;26
19.12.2018;21;29
20.12.2018;22;28
21.12.2018;22;27
22.12.2018;21;31
23.12.2018;21;29
24.12.2018;20;28
25.12.2018;20;29
26.12.2018;22;30
27.12.2018;21;32
28.12.2018;22;35
29.12.2018;22;34
30.12.2018;23;36
31.12.2018;25;31
01.11.2018;17;22
02.11.2018;13;26
03.11.2018;18;21
04.11.2018;15;25
05.11.2018;17;29
06.11.2018;17;28
07.11.2018;19;25
08.11.2018;18;27
09.11.2018;16;31
10.11.2018;19;33
11.11.2018;20;34
12.11.2018;21;34
13.11.2018;22;34
14.11.2018;21;27
15.11.2018;17;29
16.11.2018;17;29
17.11.2018;18;29
18.11.2018;18;23
19.11.2018;14;25
20.11.2018;13;28
21.11.2018;15;31
22.11.2018;18;32
23.11.2018;20;32
24.11.2018;21;23
25.11.2018;19;26
26.11.2018;15;25
27.11.2018;18;26
28.11.2018;20;26
29.11.2018;20;31
30.11.2018;22;28
01.10.2018;18;26
02.10.2018;16;18
03.10.2018;16;18
04.10.2018;12;22
05.10.2018;12;21
06.10.2018;9;21
07.10.2018;14;28
08.10.2018;18;31
09.10.2018;20;28
10.10.2018;18;23
11.10.2018;16;22
12.10.2018;17;27
13.10.2018;16;20
14.10.2018;14;22
15.10.2018;15;26
16.10.2018;16;29
17.10.2018;18;30
18.10.2018;20;26
19.10.2018;17;24
20.10.2018;16;22
21.10.2018;13;25
22.10.2018;15;29
23.10.2018;19;24
24.10.2018;17;23
25.10.2018;18;28
26.10.2018;18;26
27.10.2018;17;22
28.10.2018;14;23
29.10.2018;15;26
30.10.2018;17;32
31.10.2018;20;25
01.09.2018;9;19
02.09.2018;17;20
03.09.2018;15;18
04.09.2018;14;19
05.09.2018;10;21
06.09.2018;10;25
07.09.2018;11;26
08.09.2018;12;24
09.09.2018;15;23
10.09.2018;17;22
11.09.2018;15;20
12.09.2018;15;24
13.09.2018;14;26
14.09.2018;18;20
15.09.2018;16;22
16.09.2018;17;24
17.09.2018;18;24
18.09.2018;17;24
19.09.2018;15;29
20.09.2018;17;21
21.09.2018;18;26
22.09.2018;17;33
23.09.2018;19;23
24.09.2018;19;22
25.09.2018;18;23
26.09.2018;19;25
27.09.2018;20;24
28.09.2018;20;25
29.09.2018;19;32
30.09.2018;19;25
01.08.2018;8;15
02.08.2018;6;21
03.08.2018;12;22
04.08.2018;13;22
05.08.2018;10;18
06.08.2018;8;19
07.08.2018;9;23
08.08.2018;10;16
09.08.2018;11;14
10.08.2018;9;11
11.08.2018;10;15
12.08.2018;13;20
13.08.2018;9;24
14.08.2018;10;24
15.08.2018;10;17
16.08.2018;7;20
17.08.2018;9;24
18.08.2018;9;25
19.08.2018;10;26
20.08.2018;9;12
21.08.2018;9;13
22.08.2018;10;15
23.08.2018;11;20
24.08.2018;6;21
25.08.2018;9;15
26.08.2018;5;15
27.08.2018;4;20
28.08.2018;0;24
29.08.2018;10;29
30.08.2018;15;23
31.08.2018;17;19
01.07.2018;14;22
02.07.2018;7;19
03.07.2018;10;14
04.07.2018;9;13
05.07.2018;11;13
06.07.2018;13;16
07.07.2018;15;22
08.07.2018;12;17
09.07.2018;11;13
10.07.2018;12;16
11.07.2018;9;16
12.07.2018;10;17
13.07.2018;7;19
14.07.2018;8;25
15.07.2018;13;29
16.07.2018;14;17
17.07.2018;8;19
18.07.2018;17;26
19.07.2018;15;30
20.07.2018;12;29
21.07.2018;8;14
22.07.2018;6;19
23.07.2018;12;16
24.07.2018;11;15
25.07.2018;14;16
26.07.2018;15;20
27.07.2018;12;15
28.07.2018;13;17
29.07.2018;12;17
30.07.2018;10;17
31.07.2018;9;15
01.06.2018;16;23
02.06.2018;10;16
03.06.2018;8;14
04.06.2018;12;20
05.06.2018;13;16
06.06.2018;10;15
07.06.2018;8;16
08.06.2018;7;17
09.06.2018;4;22
10.06.2018;13;20
11.06.2018;19;29
12.06.2018;16;22
13.06.2018;8;16
14.06.2018;6;13
15.06.2018;5;12
16.06.2018;3;13
17.06.2018;2;15
18.06.2018;5;18
19.06.2018;7;21
20.06.2018;7;24
21.06.2018;10;27
22.06.2018;9;18
23.06.2018;9;25
24.06.2018;11;13
25.06.2018;12;13
26.06.2018;9;14
27.06.2018;11;17
28.06.2018;12;16
29.06.2018;15;18
30.06.2018;14;17
01.05.2018;19;23
02.05.2018;19;25
03.05.2018;19;25
04.05.2018;17;26
05.05.2018;19;26
06.05.2018;20;25
07.05.2018;18;24
08.05.2018;18;26
09.05.2018;17;26
10.05.2018;19;28
11.05.2018;18;22
12.05.2018;15;23
13.05.2018;12;21
14.05.2018;12;25
15.05.2018;14;21
16.05.2018;13;20
17.05.2018;9;21
18.05.2018;15;18
19.05.2018;13;16
20.05.2018;11;15
21.05.2018;11;18
22.05.2018;9;18
23.05.2018;8;17
24.05.2018;7;18
25.05.2018;5;20
26.05.2018;9;24
27.05.2018;11;27
28.05.2018;13;29
29.05.2018;12;27
30.05.2018;14;28
31.05.2018;13;24
01.04.2018;21;26
02.04.2018;20;23
03.04.2018;20;27
04.04.2018;20;26
05.04.2018;18;26
06.04.2018;17;28
07.04.2018;18;30
08.04.2018;19;30
09.04.2018;21;31
10.04.2018;19;31
11.04.2018;20;33
12.04.2018;22;33
13.04.2018;20;24
14.04.2018;18;23
15.04.2018;18;26
16.04.2018;18;26
17.04.2018;15;28
18.04.2018;17;33
19.04.2018;17;30
20.04.2018;19;31
21.04.2018;19;24
22.04.2018;18;29
23.04.2018;19;30
24.04.2018;20;28
25.04.2018;22;29
26.04.2018;20;28
27.04.2018;19;29
28.04.2018;20;31
29.04.2018;19;31
30.04.2018;21;27
01.03.2018;23;31
02.03.2018;23;30
03.03.2018;20;29
04.03.2018;23;32
05.03.2018;21;32
06.03.2018;22;28
07.03.2018;19;26
08.03.2018;17;27
09.03.2018;17;28
10.03.2018;20;33
11.03.2018;22;34
12.03.2018;17;25
13.03.2018;14;28
14.03.2018;20;32
15.03.2018;22;27
16.03.2018;18;27
17.03.2018;18;32
18.03.2018;22;37
19.03.2018;20;28
20.03.2018;18;21
21.03.2018;16;25
22.03.2018;14;26
23.03.2018;17;32
24.03.2018;21;30
25.03.2018;18;24
26.03.2018;17;22
27.03.2018;20;23
28.03.2018;21;27
29.03.2018;22;28
30.03.2018;22;28
31.03.2018;21;24
01.02.2018;20;30
02.02.2018;19;32
03.02.2018;22;28
04.02.2018;18;28
05.02.2018;18;30
06.02.2018;19;31
07.02.2018;20;32
08.02.2018;21;34
09.02.2018;22;35
10.02.2018;22;30
11.02.2018;20;27
12.02.2018;19;25
13.02.2018;14;26
14.02.2018;16;28
15.02.2018;16;28
16.02.2018;18;30
17.02.2018;19;31
18.02.2018;19;33
19.02.2018;20;29
20.02.2018;22;25
21.02.2018;20;29
22.02.2018;18;27
23.02.2018;19;28
24.02.2018;19;29
25.02.2018;20;29
26.02.2018;20;29
27.02.2018;21;30
28.02.2018;20;29
01.01.2018;21;31
02.01.2018;4;27
03.01.2018;20;30
04.01.2018;18;33
05.01.2018;20;35
06.01.2018;22;26
07.01.2018;17;27
08.01.2018;19;28
09.01.2018;18;29
10.01.2018;22;31
11.01.2018;22;29
12.01.2018;22;29
13.01.2018;22;31
14.01.2018;22;31
15.01.2018;24;29
16.01.2018;23;28
17.01.2018;22;30
18.01.2018;24;32
19.01.2018;23;30
20.01.2018;18;32
21.01.2018;22;24
22.01.2018;21;27
23.01.2018;22;28
24.01.2018;6;32
25.01.2018;21;26
26.01.2018;17;26
27.01.2018;19;30
28.01.2018;23;30
29.01.2018;22;27
30.01.2018;21;29
31.01.2018;21;29
01.12.2017;19;27
02.12.2017;19;30
03.12.2017;21;28
04.12.2017;20;25
05.12.2017;19;25
06.12.2017;21;32
07.12.2017;21;27
08.12.2017;21;28
09.12.2017;19;31
10.12.2017;20;34
11.12.2017;19;25
12.12.2017;15;26
13.12.2017;18;34
14.12.2017;21;33
15.12.2017;21;32
16.12.2017;22;35
17.12.2017;22;35
18.12.2017;19;22
19.12.2017;19;29
20.12.2017;22;27
21.12.2017;21;31
22.12.2017;21;34
23.12.2017;5;30
24.12.2017;20;24
25.12.2017;16;26
26.12.2017;17;31
27.12.2017;21;33
28.12.2017;21;32
29.12.2017;23;30
30.12.2017;21;31
31.12.2017;21;32
01.11.2017;12;26
02.11.2017;15;29
03.11.2017;19;24
04.11.2017;19;21
05.11.2017;14;23
06.11.2017;16;25
07.11.2017;16;28
08.11.2017;19;23
09.11.2017;8;29
10.11.2017;17;21
11.11.2017;15;29
12.11.2017;15;26
13.11.2017;15;29
14.11.2017;15;30
15.11.2017;17;35
16.11.2017;18;28
17.11.2017;20;28
18.11.2017;20;27
19.11.2017;14;24
20.11.2017;14;28
21.11.2017;17;25
22.11.2017;15;23
23.11.2017;12;29
24.11.2017;16;29
25.11.2017;17;22
26.11.2017;18;24
27.11.2017;17;29
28.11.2017;19;25
29.11.2017;18;24
30.11.2017;19;24
01.10.2017;16;31
02.10.2017;16;22
03.10.2017;13;23
04.10.2017;12;29
05.10.2017;15;30
06.10.2017;19;23
07.10.2017;17;23
08.10.2017;17;23
09.10.2017;18;27
10.10.2017;20;24
11.10.2017;9;20
12.10.2017;0;21
13.10.2017;18;23
14.10.2017;17;20
15.10.2017;13;23
16.10.2017;14;26
17.10.2017;18;31
18.10.2017;20;28
19.10.2017;19;25
20.10.2017;15;25
21.10.2017;18;22
22.10.2017;15;21
23.10.2017;11;21
24.10.2017;12;26
25.10.2017;17;25
26.10.2017;17;28
27.10.2017;19;27
28.10.2017;18;22
29.10.2017;17;26
30.10.2017;18;27
31.10.2017;16;23
01.09.2017;14;25
02.09.2017;14;30
03.09.2017;15;31
04.09.2017;18;33
05.09.2017;17;23
06.09.2017;16;23
07.09.2017;17;30
08.09.2017;17;26
09.09.2017;19;27
10.09.2017;18;33
11.09.2017;19;27
12.09.2017;16;20
13.09.2017;18;24
14.09.2017;9;24
15.09.2017;15;19
16.09.2017;6;17
17.09.2017;15;20
18.09.2017;14;22
19.09.2017;16;25
20.09.2017;16;32
21.09.2017;16;34
22.09.2017;17;29
23.09.2017;17;20
24.09.2017;15;24
25.09.2017;16;28
26.09.2017;19;30
27.09.2017;18;25
28.09.2017;17;20
29.09.2017;16;19
30.09.2017;16;22
01.08.2017;14;28
02.08.2017;17;20
03.08.2017;14;19
04.08.2017;10;19
05.08.2017;8;21
06.08.2017;8;23
07.08.2017;9;26
08.08.2017;6;21
09.08.2017;12;17
10.08.2017;9;22
11.08.2017;16;20
12.08.2017;17;21
13.08.2017;16;21
14.08.2017;12;19
15.08.2017;9;22
16.08.2017;13;22
17.08.2017;9;21
18.08.2017;11;26
19.08.2017;12;26
20.08.2017;12;16
21.08.2017;7;17
22.08.2017;6;21
23.08.2017;12;27
24.08.2017;15;33
25.08.2017;18;32
26.08.2017;16;28
27.08.2017;17;22
28.08.2017;15;26
29.08.2017;17;34
30.08.2017;13;24
31.08.2017;12;21
01.07.2017;8;17
02.07.2017;5;18
03.07.2017;7;20
04.07.2017;9;22
05.07.2017;13;25
06.07.2017;9;24
07.07.2017;1;26
08.07.2017;14;26
09.07.2017;14;24
10.07.2017;15;26
11.07.2017;15;20
12.07.2017;17;25
13.07.2017;13;28
14.07.2017;14;28
15.07.2017;15;28
16.07.2017;9;23
17.07.2017;6;9
18.07.2017;4;11
19.07.2017;2;15
20.07.2017;4;20
21.07.2017;6;19
22.07.2017;5;21
23.07.2017;7;27
24.07.2017;10;31
25.07.2017;15;27
26.07.2017;16;26
27.07.2017;15;22
28.07.2017;4;26
29.07.2017;11;27
30.07.2017;12;28
31.07.2017;14;27
01.06.2017;6;17
02.06.2017;14;20
03.06.2017;11;22
04.06.2017;7;18
05.06.2017;15;18
06.06.2017;7;18
07.06.2017;16;19
08.06.2017;9;20
09.06.2017;12;15
10.06.2017;11;17
11.06.2017;10;19
12.06.2017;10;19
13.06.2017;12;20
14.06.2017;13;16
15.06.2017;12;23
16.06.2017;14;26
17.06.2017;13;28
18.06.2017;10;25
19.06.2017;7;12
20.06.2017;5;14
21.06.2017;6;20
22.06.2017;9;25
23.06.2017;11;27
24.06.2017;13;26
25.06.2017;12;26
26.06.2017;11;23
27.06.2017;11;27
28.06.2017;13;27
29.06.2017;17;26
30.06.2017;14;19
01.05.2017;11;24
02.05.2017;13;27
03.05.2017;15;27
04.05.2017;18;24
05.05.2017;9;24
06.05.2017;18;25
07.05.2017;17;28
08.05.2017;16;27
09.05.2017;17;23
10.05.2017;14;21
11.05.2017;10;21
12.05.2017;15;19
13.05.2017;7;18
14.05.2017;15;20
15.05.2017;14;21
16.05.2017;15;20
17.05.2017;12;24
18.05.2017;14;24
19.05.2017;18;25
20.05.2017;18;25
21.05.2017;13;20
22.05.2017;11;22
23.05.2017;12;20
24.05.2017;15;25
25.05.2017;19;22
26.05.2017;18;22
27.05.2017;17;18
28.05.2017;17;20
29.05.2017;17;21
30.05.2017;15;18
31.05.2017;15;18
01.04.2017;18;26
02.04.2017;17;28
03.04.2017;19;30
04.04.2017;21;29
05.04.2017;23;28
06.04.2017;20;26
07.04.2017;16;28
08.04.2017;21;28
09.04.2017;23;26
10.04.2017;22;31
11.04.2017;18;25
12.04.2017;15;22
13.04.2017;12;25
14.04.2017;16;24
15.04.2017;19;25
16.04.2017;19;21
17.04.2017;16;24
18.04.2017;16;24
19.04.2017;18;27
20.04.2017;18;28
21.04.2017;17;26
22.04.2017;15;23
23.04.2017;11;24
24.04.2017;15;20
25.04.2017;18;22
26.04.2017;14;19
27.04.2017;11;19
28.04.2017;9;21
29.04.2017;9;24
30.04.2017;10;26
01.03.2017;24;30
02.03.2017;25;35
03.03.2017;24;34
04.03.2017;24;28
05.03.2017;23;26
06.03.2017;20;29
07.03.2017;21;31
08.03.2017;23;32
09.03.2017;5;34
10.03.2017;21;26
11.03.2017;19;28
12.03.2017;21;23
13.03.2017;16;24
14.03.2017;15;27
15.03.2017;18;32
16.03.2017;20;27
17.03.2017;17;23
18.03.2017;14;24
19.03.2017;16;26
20.03.2017;19;26
21.03.2017;18;29
22.03.2017;19;29
23.03.2017;21;28
24.03.2017;17;29
25.03.2017;19;26
26.03.2017;21;28
27.03.2017;20;28
28.03.2017;19;28
29.03.2017;18;27
30.03.2017;18;28
31.03.2017;17;27
01.02.2017;23;29
02.02.2017;23;32
03.02.2017;23;32
04.02.2017;22;35
05.02.2017;25;32
06.02.2017;21;26
07.02.2017;18;28
08.02.2017;17;28
09.02.2017;20;35
10.02.2017;23;33
11.02.2017;22;26
12.02.2017;23;31
13.02.2017;23;31
14.02.2017;23;28
15.02.2017;8;33
16.02.2017;23;34
17.02.2017;22;31
18.02.2017;23;36
19.02.2017;24;33
20.02.2017;24;34
21.02.2017;25;32
22.02.2017;24;31
23.02.2017;23;31
24.02.2017;24;31
25.02.2017;23;30
26.02.2017;22;31
27.02.2017;21;32
28.02.2017;22;33
01.01.2017;23;32
02.01.2017;24;31
03.01.2017;23;34
04.01.2017;22;32
05.01.2017;22;30
06.01.2017;22;27
07.01.2017;22;28
08.01.2017;23;32
09.01.2017;23;30
10.01.2017;22;30
11.01.2017;23;30
12.01.2017;21;30
13.01.2017;19;33
14.01.2017;23;31
15.01.2017;23;32
16.01.2017;1;31
17.01.2017;3;30
18.01.2017;23;30
19.01.2017;21;29
20.01.2017;19;29
21.01.2017;19;29
22.01.2017;21;31
23.01.2017;23;31
24.01.2017;22;32
25.01.2017;23;30
26.01.2017;21;27
27.01.2017;18;26
28.01.2017;18;29
29.01.2017;21;32
30.01.2017;23;33
31.01.2017;23;32
01.12.2016;16;27
02.12.2016;18;30
03.12.2016;20;26
04.12.2016;18;25
05.12.2016;16;27
06.12.2016;17;32
07.12.2016;21;29
08.12.2016;9;30
09.12.2016;18;24
10.12.2016;20;31
11.12.2016;21;32
12.12.2016;20;32
13.12.2016;21;33
14.12.2016;17;26
15.12.2016;15;25
16.12.2016;15;28
17.12.2016;19;31
18.12.2016;22;34
19.12.2016;24;30
20.12.2016;22;31
21.12.2016;21;33
22.12.2016;22;35
23.12.2016;23;34
24.12.2016;23;31
25.12.2016;21;34
26.12.2016;22;38
27.12.2016;23;29
28.12.2016;22;26
29.12.2016;22;27
30.12.2016;5;32
31.12.2016;4;30
01.11.2016;1;23
02.11.2016;15;21
03.11.2016;12;21
04.11.2016;11;27
05.11.2016;13;30
06.11.2016;17;31
07.11.2016;18;33
08.11.2016;19;30
09.11.2016;2;25
10.11.2016;19;29
11.11.2016;15;22
12.11.2016;10;24
13.11.2016;14;28
14.11.2016;17;30
15.11.2016;19;31
16.11.2016;21;26
17.11.2016;15;24
18.11.2016;11;20
19.11.2016;11;23
20.11.2016;13;27
21.11.2016;17;26
22.11.2016;16;23
23.11.2016;14;26
24.11.2016;15;27
25.11.2016;18;31
26.11.2016;20;33
27.11.2016;23;31
28.11.2016;20;24
29.11.2016;16;25
30.11.2016;13;25
01.10.2016;14;23
02.10.2016;14;25
03.10.2016;15;25
04.10.2016;16;22
05.10.2016;15;22
06.10.2016;15;21
07.10.2016;13;24
08.10.2016;13;23
09.10.2016;11;22
10.10.2016;8;26
11.10.2016;16;29
12.10.2016;16;27
13.10.2016;19;26
14.10.2016;18;25
15.10.2016;17;29
16.10.2016;20;26
17.10.2016;0;22
18.10.2016;18;20
19.10.2016;19;21
20.10.2016;18;24
21.10.2016;15;21
22.10.2016;12;23
23.10.2016;17;29
24.10.2016;20;28
25.10.2016;20;25
26.10.2016;19;27
27.10.2016;16;21
28.10.2016;13;18
29.10.2016;10;22
30.10.2016;13;26
31.10.2016;15;31
01.09.2016;15;21
02.09.2016;14;18
03.09.2016;15;17
04.09.2016;15;18
05.09.2016;16;22
06.09.2016;13;17
07.09.2016;12;16
08.09.2016;13;20
09.09.2016;10;23
10.09.2016;12;27
11.09.2016;12;25
12.09.2016;12;31
13.09.2016;17;27
14.09.2016;14;17
15.09.2016;12;19
16.09.2016;9;22
17.09.2016;11;27
18.09.2016;15;22
19.09.2016;14;18
20.09.2016;12;20
21.09.2016;14;23
22.09.2016;12;24
23.09.2016;13;21
24.09.2016;12;18
25.09.2016;11;16
26.09.2016;9;21
27.09.2016;11;23
28.09.2016;13;27
29.09.2016;13;20
30.09.2016;9;21
01.08.2016;15;21
02.08.2016;12;15
03.08.2016;12;21
04.08.2016;14;24
05.08.2016;13;29
06.08.2016;13;20
07.08.2016;11;18
08.08.2016;10;18
09.08.2016;10;17
10.08.2016;10;16
11.08.2016;11;18
12.08.2016;10;20
13.08.2016;9;23
14.08.2016;12;25
15.08.2016;14;25
16.08.2016;15;22
17.08.2016;13;21
18.08.2016;8;20
19.08.2016;12;17
20.08.2016;14;16
21.08.2016;10;15
22.08.2016;7;17
23.08.2016;6;21
24.08.2016;6;24
25.08.2016;9;26
26.08.2016;13;31
27.08.2016;16;33
28.08.2016;17;25
29.08.2016;18;20
30.08.2016;17;24
31.08.2016;16;19
01.07.2016;12;26
02.07.2016;11;27
03.07.2016;11;29
04.07.2016;14;30
05.07.2016;16;28
06.07.2016;12;21
07.07.2016;9;18
08.07.2016;7;19
09.07.2016;11;13
10.07.2016;10;18
11.07.2016;4;17
12.07.2016;12;19
13.07.2016;9;18
14.07.2016;6;17
15.07.2016;13;19
16.07.2016;10;16
17.07.2016;7;12
18.07.2016;6;14
19.07.2016;6;14
20.07.2016;5;13
21.07.2016;7;15
22.07.2016;9;15
23.07.2016;7;22
24.07.2016;11;21
25.07.2016;13;24
26.07.2016;13;20
27.07.2016;10;15
28.07.2016;5;14
29.07.2016;5;18
30.07.2016;8;23
31.07.2016;13;29
01.06.2016;8;18
02.06.2016;10;18
03.06.2016;10;13
04.06.2016;7;14
05.06.2016;6;15
06.06.2016;9;14
07.06.2016;5;16
08.06.2016;7;15
09.06.2016;3;14
10.06.2016;5;13
11.06.2016;4;12
12.06.2016;4;14
13.06.2016;2;17
14.06.2016;3;18
15.06.2016;6;21
16.06.2016;12;18
17.06.2016;10;13
18.06.2016;6;11
19.06.2016;5;8
20.06.2016;7;13
21.06.2016;9;18
22.06.2016;12;16
23.06.2016;3;17
24.06.2016;6;19
25.06.2016;10;20
26.06.2016;9;22
27.06.2016;12;17
28.06.2016;12;15
29.06.2016;3;16
30.06.2016;11;16
01.05.2016;8;18
02.05.2016;9;20
03.05.2016;13;20
04.05.2016;10;20
05.05.2016;11;19
06.05.2016;12;20
07.05.2016;16;21
08.05.2016;17;23
09.05.2016;18;23
10.05.2016;18;22
11.05.2016;15;19
12.05.2016;13;16
13.05.2016;11;19
14.05.2016;13;24
15.05.2016;14;19
16.05.2016;12;18
17.05.2016;10;14
18.05.2016;7;16
19.05.2016;7;16
20.05.2016;8;16
21.05.2016;14;18
22.05.2016;13;16
23.05.2016;9;16
24.05.2016;8;18
25.05.2016;10;21
26.05.2016;14;21
27.05.2016;12;17
28.05.2016;12;22
29.05.2016;15;19
30.05.2016;16;20
31.05.2016;13;20
01.04.2016;22;29
02.04.2016;20;32
03.04.2016;20;28
04.04.2016;21;27
05.04.2016;22;32
06.04.2016;23;33
07.04.2016;22;27
08.04.2016;21;26
09.04.2016;19;25
10.04.2016;23;26
11.04.2016;21;24
12.04.2016;22;24
13.04.2016;22;29
14.04.2016;21;28
15.04.2016;21;34
16.04.2016;22;35
17.04.2016;25;35
18.04.2016;24;31
19.04.2016;23;34
20.04.2016;23;28
21.04.2016;21;30
22.04.2016;20;24
23.04.2016;21;26
24.04.2016;0;29
25.04.2016;18;25
26.04.2016;12;18
27.04.2016;10;15
28.04.2016;8;15
29.04.2016;7;15
30.04.2016;10;17
01.03.2016;17;31
02.03.2016;20;27
03.03.2016;18;24
04.03.2016;20;27
05.03.2016;18;28
06.03.2016;20;29
07.03.2016;20;28
08.03.2016;19;30
09.03.2016;22;24
10.03.2016;20;23
11.03.2016;20;25
12.03.2016;19;25
13.03.2016;9;24
14.03.2016;18;28
15.03.2016;19;30
16.03.2016;20;31
17.03.2016;21;33
18.03.2016;23;34
19.03.2016;21;25
20.03.2016;21;25
21.03.2016;21;27
22.03.2016;20;26
23.03.2016;20;26
24.03.2016;18;28
25.03.2016;19;23
26.03.2016;20;27
27.03.2016;21;25
28.03.2016;20;27
29.03.2016;19;27
30.03.2016;19;28
31.03.2016;20;28
01.02.2016;20;28
02.02.2016;19;27
03.02.2016;22;27
04.02.2016;22;28
05.02.2016;22;29
06.02.2016;21;29
07.02.2016;22;31
08.02.2016;24;35
09.02.2016;26;30
10.02.2016;23;33
11.02.2016;22;31
12.02.2016;22;33
13.02.2016;23;33
14.02.2016;24;30
15.02.2016;22;30
16.02.2016;23;31
17.02.2016;23;35
18.02.2016;23;32
19.02.2016;21;32
20.02.2016;23;31
21.02.2016;24;30
22.02.2016;24;31
23.02.2016;24;33
24.02.2016;23;33
25.02.2016;25;34
26.02.2016;25;35
27.02.2016;23;28
28.02.2016;21;28
29.02.2016;17;30
01.01.2016;22;27
02.01.2016;22;28
03.01.2016;22;29
04.01.2016;22;32
05.01.2016;23;33
06.01.2016;24;32
07.01.2016;22;27
08.01.2016;20;27
09.01.2016;22;29
10.01.2016;23;32
11.01.2016;22;32
12.01.2016;23;34
13.01.2016;22;33
14.01.2016;22;29
15.01.2016;20;33
16.01.2016;22;33
17.01.2016;19;34
18.01.2016;19;35
19.01.2016;20;32
20.01.2016;22;31
21.01.2016;21;31
22.01.2016;19;32
23.01.2016;18;35
24.01.2016;22;35
25.01.2016;22;38
26.01.2016;21;25
27.01.2016;18;29
28.01.2016;22;29
29.01.2016;23;36
30.01.2016;23;32
31.01.2016;22;25
01.12.2015;1;28
02.12.2015;1;24
03.12.2015;20;27
04.12.2015;21;27
05.12.2015;21;27
06.12.2015;19;26
07.12.2015;14;26
08.12.2015;15;31
09.12.2015;21;34
10.12.2015;21;28
11.12.2015;16;32
12.12.2015;21;34
13.12.2015;22;29
14.12.2015;22;29
15.12.2015;22;29
16.12.2015;19;28
17.12.2015;20;34
18.12.2015;3;31
19.12.2015;20;24
20.12.2015;19;25
21.12.2015;20;27
22.12.2015;22;29
23.12.2015;23;28
24.12.2015;4;24
25.12.2015;22;25
26.12.2015;22;27
27.12.2015;22;30
28.12.2015;14;29
29.12.2015;24;32
30.12.2015;25;31
31.12.2015;24;29
01.11.2015;17;21
02.11.2015;17;20
03.11.2015;17;26
04.11.2015;17;20
05.11.2015;15;17
06.11.2015;16;22
07.11.2015;16;24
08.11.2015;17;28
09.11.2015;19;31
10.11.2015;20;24
11.11.2015;19;25
12.11.2015;20;27
13.11.2015;21;32
14.11.2015;19;25
15.11.2015;17;26
16.11.2015;0;26
17.11.2015;19;23
18.11.2015;21;28
19.11.2015;20;31
20.11.2015;18;25
21.11.2015;15;24
22.11.2015;16;28
23.11.2015;17;25
24.11.2015;18;23
25.11.2015;19;24
26.11.2015;20;26
27.11.2015;21;28
28.11.2015;21;29
29.11.2015;17;27
30.11.2015;15;26
01.10.2015;14;23
02.10.2015;1;25
03.10.2015;14;19
04.10.2015;12;20
05.10.2015;10;22
06.10.2015;15;29
07.10.2015;19;23
08.10.2015;19;20
09.10.2015;18;20
10.10.2015;16;18
11.10.2015;16;21
12.10.2015;16;20
13.10.2015;14;22
14.10.2015;17;27
15.10.2015;18;21
16.10.2015;16;22
17.10.2015;13;16
18.10.2015;9;19
19.10.2015;14;25
20.10.2015;18;28
21.10.2015;15;25
22.10.2015;6;23
23.10.2015;17;24
24.10.2015;15;20
25.10.2015;14;21
26.10.2015;17;26
27.10.2015;19;25
28.10.2015;20;26
29.10.2015;19;31
30.10.2015;20;30
31.10.2015;18;23
01.09.2015;15;21
02.09.2015;11;22
03.09.2015;15;22
04.09.2015;15;21
05.09.2015;14;19
06.09.2015;13;20
07.09.2015;11;23
08.09.2015;13;21
09.09.2015;13;24
10.09.2015;12;25
11.09.2015;12;18
12.09.2015;6;16
13.09.2015;6;21
14.09.2015;8;26
15.09.2015;9;29
16.09.2015;0;21
17.09.2015;8;19
18.09.2015;8;19
19.09.2015;17;20
20.09.2015;9;19
21.09.2015;18;21
22.09.2015;19;22
23.09.2015;17;22
24.09.2015;18;22
25.09.2015;17;22
26.09.2015;16;19
27.09.2015;17;21
28.09.2015;13;23
29.09.2015;11;26
30.09.2015;14;21
01.08.2015;17;24
02.08.2015;16;29
03.08.2015;17;24
04.08.2015;8;20
05.08.2015;7;21
06.08.2015;18;32
07.08.2015;21;33
08.08.2015;21;34
09.08.2015;18;32
10.08.2015;18;32
11.08.2015;18;25
12.08.2015;18;30
13.08.2015;19;29
14.08.2015;19;28
15.08.2015;17;24
16.08.2015;16;23
17.08.2015;18;29
18.08.2015;19;27
19.08.2015;15;18
20.08.2015;15;20
21.08.2015;15;24
22.08.2015;9;27
23.08.2015;14;23
24.08.2015;11;18
25.08.2015;15;23
26.08.2015;7;20
27.08.2015;14;23
28.08.2015;9;22
29.08.2015;9;28
30.08.2015;13;30
31.08.2015;13;31
01.07.2015;12;17
02.07.2015;10;21
03.07.2015;13;22
04.07.2015;9;13
05.07.2015;7;18
06.07.2015;10;20
07.07.2015;15;17
08.07.2015;15;18
09.07.2015;15;18
10.07.2015;13;21
11.07.2015;3;21
12.07.2015;14;23
13.07.2015;8;21
14.07.2015;9;19
15.07.2015;11;12
16.07.2015;11;15
17.07.2015;14;17
18.07.2015;13;22
19.07.2015;6;22
20.07.2015;7;18
21.07.2015;13;17
22.07.2015;11;18
23.07.2015;10;18
24.07.2015;13;19
25.07.2015;13;20
26.07.2015;15;20
27.07.2015;15;21
28.07.2015;15;26
29.07.2015;13;23
30.07.2015;14;29
31.07.2015;15;29
01.06.2015;10;16
02.06.2015;9;22
03.06.2015;9;25
04.06.2015;16;24
05.06.2015;1;26
06.06.2015;17;28
07.06.2015;18;28
08.06.2015;18;22
09.06.2015;19;29
10.06.2015;17;25
11.06.2015;4;18
12.06.2015;9;16
13.06.2015;8;19
14.06.2015;12;18
15.06.2015;8;15
16.06.2015;4;18
17.06.2015;6;21
18.06.2015;10;15
19.06.2015;5;14
20.06.2015;5;20
21.06.2015;13;19
22.06.2015;13;21
23.06.2015;8;14
24.06.2015;7;17
25.06.2015;11;22
26.06.2015;10;23
27.06.2015;10;24
28.06.2015;10;23
29.06.2015;12;24
30.06.2015;7;21
01.05.2015;14;24
02.05.2015;13;22
03.05.2015;18;21
04.05.2015;11;20
05.05.2015;8;21
06.05.2015;9;22
07.05.2015;12;19
08.05.2015;10;22
09.05.2015;12;26
10.05.2015;17;22
11.05.2015;16;19
12.05.2015;14;22
13.05.2015;11;23
14.05.2015;12;26
15.05.2015;15;25
16.05.2015;15;26
17.05.2015;17;27
18.05.2015;15;27
19.05.2015;17;27
20.05.2015;16;27
21.05.2015;16;29
22.05.2015;16;29
23.05.2015;17;31
24.05.2015;20;22
25.05.2015;20;23
26.05.2015;19;24
27.05.2015;17;19
28.05.2015;8;18
29.05.2015;14;19
30.05.2015;12;18
31.05.2015;10;19
01.04.2015;19;28
02.04.2015;16;29
03.04.2015;16;32
04.04.2015;18;32
05.04.2015;20;23
06.04.2015;18;24
07.04.2015;15;25
08.04.2015;13;28
09.04.2015;16;29
10.04.2015;17;29
11.04.2015;17;30
12.04.2015;19;26
13.04.2015;15;28
14.04.2015;18;31
15.04.2015;21;24
16.04.2015;21;26
17.04.2015;19;29
18.04.2015;16;25
19.04.2015;13;28
20.04.2015;21;23
21.04.2015;20;25
22.04.2015;18;23
23.04.2015;17;22
24.04.2015;17;25
25.04.2015;16;25
26.04.2015;13;26
27.04.2015;15;25
28.04.2015;16;25
29.04.2015;16;24
30.04.2015;15;21
01.03.2015;19;30
02.03.2015;21;32
03.03.2015;23;34
04.03.2015;22;34
05.03.2015;23;28
06.03.2015;22;29
07.03.2015;20;29
08.03.2015;21;31
09.03.2015;23;30
10.03.2015;23;27
11.03.2015;22;29
12.03.2015;20;29
13.03.2015;21;31
14.03.2015;22;32
15.03.2015;23;30
16.03.2015;22;30
17.03.2015;18;29
18.03.2015;17;30
19.03.2015;19;30
20.03.2015;18;32
21.03.2015;21;27
22.03.2015;17;25
23.03.2015;16;27
24.03.2015;17;29
25.03.2015;20;32
26.03.2015;19;25
27.03.2015;19;25
28.03.2015;15;26
29.03.2015;20;27
30.03.2015;20;26
31.03.2015;19;26
01.02.2015;21;30
02.02.2015;22;33
03.02.2015;23;32
04.02.2015;22;29
05.02.2015;23;29
06.02.2015;23;29
07.02.2015;20;29
08.02.2015;18;31
09.02.2015;20;33
10.02.2015;21;34
11.02.2015;23;28
12.02.2015;24;32
13.02.2015;24;30
14.02.2015;23;26
15.02.2015;22;28
16.02.2015;21;27
17.02.2015;19;29
18.02.2015;21;30
19.02.2015;22;33
20.02.2015;23;27
21.02.2015;21;28
22.02.2015;23;29
23.02.2015;21;30
24.02.2015;0;30
25.02.2015;20;32
26.02.2015;22;30
27.02.2015;21;29
28.02.2015;19;27
01.01.2015;23;28
02.01.2015;20;26
03.01.2015;19;29
04.01.2015;18;32
05.01.2015;19;33
06.01.2015;23;36
07.01.2015;4;34
08.01.2015;23;27
09.01.2015;23;32
10.01.2015;23;33
11.01.2015;24;33
12.01.2015;25;33
13.01.2015;24;35
14.01.2015;23;29
15.01.2015;23;26
16.01.2015;23;30
17.01.2015;24;29
18.01.2015;23;29
19.01.2015;23;33
20.01.2015;22;28
21.01.2015;20;27
22.01.2015;19;27
23.01.2015;19;30
24.01.2015;5;32
25.01.2015;21;32
26.01.2015;24;33
27.01.2015;24;35
28.01.2015;24;34
29.01.2015;23;25
30.01.2015;19;27
31.01.2015;19;27
01.12.2014;26;31
02.12.2014;23;34
03.12.2014;22;27
04.12.2014;17;28
05.12.2014;17;29
06.12.2014;18;31
07.12.2014;19;35
08.12.2014;24;36
09.12.2014;23;31
10.12.2014;22;32
11.12.2014;3;26
12.12.2014;22;26
13.12.2014;20;25
14.12.2014;17;27
15.12.2014;17;27
16.12.2014;19;28
17.12.2014;22;28
18.12.2014;22;30
19.12.2014;19;31
20.12.2014;20;35
21.12.2014;21;24
22.12.2014;20;24
23.12.2014;14;25
24.12.2014;16;27
25.12.2014;18;30
26.12.2014;22;30
27.12.2014;22;28
28.12.2014;22;28
29.12.2014;20;30
30.12.2014;22;31
31.12.2014;23;31
01.11.2014;21;25
02.11.2014;20;21
03.11.2014;21;30
04.11.2014;19;26
05.11.2014;16;24
06.11.2014;16;26
07.11.2014;19;28
08.11.2014;18;29
09.11.2014;18;30
10.11.2014;19;30
11.11.2014;20;30
12.11.2014;20;23
13.11.2014;19;24
14.11.2014;16;24
15.11.2014;14;27
16.11.2014;16;30
17.11.2014;20;29
18.11.2014;18;32
19.11.2014;18;32
20.11.2014;20;33
21.11.2014;20;33
22.11.2014;22;32
23.11.2014;18;27
24.11.2014;16;34
25.11.2014;2;31
26.11.2014;22;29
27.11.2014;21;26
28.11.2014;17;29
29.11.2014;20;32
30.11.2014;20;34
01.10.2014;16;22
02.10.2014;14;21
03.10.2014;14;21
04.10.2014;15;21
05.10.2014;14;26
06.10.2014;17;23
07.10.2014;18;27
08.10.2014;16;30
09.10.2014;18;30
10.10.2014;16;30
11.10.2014;16;21
12.10.2014;18;26
13.10.2014;18;22
14.10.2014;18;25
15.10.2014;17;28
16.10.2014;1;22
17.10.2014;0;22
18.10.2014;18;25
19.10.2014;18;25
20.10.2014;19;24
21.10.2014;14;24
22.10.2014;14;27
23.10.2014;16;28
24.10.2014;17;28
25.10.2014;20;27
26.10.2014;20;28
27.10.2014;18;31
28.10.2014;19;36
29.10.2014;19;37
30.10.2014;20;27
31.10.2014;19;29
01.09.2014;14;22
02.09.2014;13;18
03.09.2014;16;21
04.09.2014;15;22
05.09.2014;16;23
06.09.2014;14;23
07.09.2014;15;19
08.09.2014;13;27
09.09.2014;15;33
10.09.2014;15;22
11.09.2014;13;22
12.09.2014;14;19
13.09.2014;16;28
14.09.2014;17;32
15.09.2014;17;22
16.09.2014;13;20
17.09.2014;3;22
18.09.2014;15;22
19.09.2014;18;25
20.09.2014;18;25
21.09.2014;14;19
22.09.2014;10;23
23.09.2014;14;29
24.09.2014;16;22
25.09.2014;14;27
26.09.2014;15;24
27.09.2014;15;19
28.09.2014;15;25
29.09.2014;19;24
30.09.2014;18;21
01.08.2014;14;26
02.08.2014;18;21
03.08.2014;16;31
04.08.2014;12;19
05.08.2014;7;17
06.08.2014;6;25
07.08.2014;13;20
08.08.2014;7;17
09.08.2014;6;20
10.08.2014;14;21
11.08.2014;14;19
12.08.2014;13;15
13.08.2014;6;15
14.08.2014;3;16
15.08.2014;5;20
16.08.2014;14;22
17.08.2014;16;20
18.08.2014;15;21
19.08.2014;14;25
20.08.2014;14;19
21.08.2014;14;27
22.08.2014;12;29
23.08.2014;15;29
24.08.2014;17;35
25.08.2014;12;24
26.08.2014;11;14
27.08.2014;8;15
28.08.2014;6;16
29.08.2014;7;21
30.08.2014;8;25
31.08.2014;7;24
01.07.2014;11;17
02.07.2014;7;18
03.07.2014;9;21
04.07.2014;8;22
05.07.2014;17;25
06.07.2014;14;21
07.07.2014;10;16
08.07.2014;7;18
09.07.2014;10;20
10.07.2014;15;19
11.07.2014;15;21
12.07.2014;12;22
13.07.2014;13;25
14.07.2014;13;26
15.07.2014;13;24
16.07.2014;14;26
17.07.2014;16;20
18.07.2014;4;18
19.07.2014;9;17
20.07.2014;8;20
21.07.2014;7;23
22.07.2014;9;27
23.07.2014;8;19
24.07.2014;11;18
25.07.2014;7;12
26.07.2014;6;15
27.07.2014;5;16
28.07.2014;6;18
29.07.2014;12;23
30.07.2014;13;19
31.07.2014;14;24
01.06.2014;13;19
02.06.2014;10;18
03.06.2014;7;19
04.06.2014;5;23
05.06.2014;6;17
06.06.2014;15;18
07.06.2014;17;24
08.06.2014;12;16
09.06.2014;7;17
10.06.2014;8;17
11.06.2014;7;24
12.06.2014;13;29
13.06.2014;16;22
14.06.2014;14;17
15.06.2014;14;20
16.06.2014;14;20
17.06.2014;15;19
18.06.2014;10;16
19.06.2014;6;14
20.06.2014;4;16
21.06.2014;5;17
22.06.2014;6;23
23.06.2014;15;20
24.06.2014;15;23
25.06.2014;17;22
26.06.2014;17;18
27.06.2014;17;20
28.06.2014;17;18
29.06.2014;15;20
30.06.2014;14;15
01.05.2014;16;23
02.05.2014;14;23
03.05.2014;11;26
04.05.2014;18;21
05.05.2014;17;25
06.05.2014;19;26
07.05.2014;18;25
08.05.2014;18;22
09.05.2014;15;22
10.05.2014;14;22
11.05.2014;12;25
12.05.2014;12;25
13.05.2014;17;23
14.05.2014;14;24
15.05.2014;9;25
16.05.2014;14;20
17.05.2014;11;21
18.05.2014;15;19
19.05.2014;9;21
20.05.2014;10;21
21.05.2014;16;18
22.05.2014;13;19
23.05.2014;11;14
24.05.2014;9;14
25.05.2014;7;15
26.05.2014;12;17
27.05.2014;9;18
28.05.2014;7;18
29.05.2014;7;22
30.05.2014;9;24
31.05.2014;15;17
01.04.2014;22;27
02.04.2014;22;28
03.04.2014;21;29
04.04.2014;19;30
05.04.2014;18;31
06.04.2014;21;32
07.04.2014;23;30
08.04.2014;22;31
09.04.2014;18;28
10.04.2014;16;28
11.04.2014;21;27
12.04.2014;19;25
13.04.2014;12;20
14.04.2014;13;22
15.04.2014;12;24
16.04.2014;14;28
17.04.2014;17;29
18.04.2014;21;27
19.04.2014;20;23
20.04.2014;10;24
21.04.2014;14;27
22.04.2014;18;22
23.04.2014;14;22
24.04.2014;14;21
25.04.2014;12;21
26.04.2014;11;23
27.04.2014;13;24
28.04.2014;12;26
29.04.2014;14;26
30.04.2014;18;22
01.03.2014;18;27
02.03.2014;18;27
03.03.2014;19;28
04.03.2014;21;29
05.03.2014;22;28
06.03.2014;20;29
07.03.2014;20;28
08.03.2014;21;25
09.03.2014;18;29
10.03.2014;20;28
11.03.2014;21;27
12.03.2014;19;27
13.03.2014;20;29
14.03.2014;19;31
15.03.2014;24;27
16.03.2014;21;31
17.03.2014;21;27
18.03.2014;21;24
19.03.2014;21;24
20.03.2014;19;26
21.03.2014;19;25
22.03.2014;14;21
23.03.2014;11;24
24.03.2014;13;27
25.03.2014;17;29
26.03.2014;19;29
27.03.2014;21;29
28.03.2014;19;32
29.03.2014;22;33
30.03.2014;22;31
31.03.2014;4;26
01.02.2014;23;33
02.02.2014;23;37
03.02.2014;24;36
04.02.2014;25;37
05.02.2014;25;39
06.02.2014;27;40
07.02.2014;27;39
08.02.2014;21;33
09.02.2014;24;37
10.02.2014;23;35
11.02.2014;23;36
12.02.2014;24;34
13.02.2014;21;29
14.02.2014;19;26
15.02.2014;20;27
16.02.2014;19;28
17.02.2014;19;29
18.02.2014;20;30
19.02.2014;20;31
20.02.2014;21;27
21.02.2014;22;32
22.02.2014;22;32
23.02.2014;4;29
24.02.2014;21;32
25.02.2014;22;28
26.02.2014;4;24
27.02.2014;19;22
28.02.2014;18;26
01.01.2014;24;33
02.01.2014;24;34
03.01.2014;21;24
04.01.2014;18;28
05.01.2014;18;32
06.01.2014;20;33
07.01.2014;22;35
08.01.2014;24;30
09.01.2014;21;33
10.01.2014;22;32
11.01.2014;20;29
12.01.2014;20;26
13.01.2014;22;29
14.01.2014;23;31
15.01.2014;22;27
16.01.2014;20;32
17.01.2014;19;34
18.01.2014;19;35
19.01.2014;21;35
20.01.2014;23;37
21.01.2014;21;37
22.01.2014;26;36
23.01.2014;25;37
24.01.2014;25;37
25.01.2014;20;25
26.01.2014;20;27
27.01.2014;23;35
28.01.2014;24;36
29.01.2014;25;37
30.01.2014;24;37
31.01.2014;23;32
01.12.2013;20;29
02.12.2013;21;29
03.12.2013;19;29
04.12.2013;16;32
05.12.2013;21;25
06.12.2013;15;23
07.12.2013;17;28
08.12.2013;17;33
09.12.2013;22;30
10.12.2013;20;24
11.12.2013;19;25
12.12.2013;17;27
13.12.2013;18;29
14.12.2013;19;33
15.12.2013;20;32
16.12.2013;22;31
17.12.2013;20;30
18.12.2013;20;33
19.12.2013;18;32
20.12.2013;22;30
21.12.2013;21;30
22.12.2013;21;29
23.12.2013;21;28
24.12.2013;21;31
25.12.2013;21;34
26.12.2013;21;38
27.12.2013;23;38
28.12.2013;25;35
29.12.2013;24;36
30.12.2013;24;36
31.12.2013;24;32
01.11.2013;18;27
02.11.2013;17;29
03.11.2013;18;25
04.11.2013;15;24
05.11.2013;14;24
06.11.2013;15;29
07.11.2013;14;28
08.11.2013;17;32
09.11.2013;20;31
10.11.2013;1;28
11.11.2013;1;21
12.11.2013;19;26
13.11.2013;18;26
14.11.2013;17;28
15.11.2013;18;34
16.11.2013;17;23
17.11.2013;13;25
18.11.2013;16;32
19.11.2013;19;32
20.11.2013;2;31
21.11.2013;1;24
22.11.2013;19;24
23.11.2013;18;27
24.11.2013;18;29
25.11.2013;20;31
26.11.2013;21;33
27.11.2013;21;32
28.11.2013;18;26
29.11.2013;16;27
30.11.2013;19;27
01.10.2013;14;22
02.10.2013;12;25
03.10.2013;13;21
04.10.2013;14;21
05.10.2013;13;20
06.10.2013;10;21
07.10.2013;11;22
08.10.2013;11;24
09.10.2013;13;27
10.10.2013;15;28
11.10.2013;16;28
12.10.2013;18;24
13.10.2013;19;27
14.10.2013;17;27
15.10.2013;17;26
16.10.2013;15;24
17.10.2013;17;23
18.10.2013;14;25
19.10.2013;15;27
20.10.2013;15;32
21.10.2013;9;23
22.10.2013;17;24
23.10.2013;8;25
24.10.2013;17;21
25.10.2013;14;22
26.10.2013;18;19
27.10.2013;16;25
28.10.2013;12;22
29.10.2013;12;25
30.10.2013;14;25
31.10.2013;17;26
01.09.2013;17;21
02.09.2013;14;22
03.09.2013;11;17
04.09.2013;9;16
05.09.2013;11;23
06.09.2013;13;28
07.09.2013;14;28
08.09.2013;8;26
09.09.2013;15;30
10.09.2013;15;33
11.09.2013;17;34
12.09.2013;16;35
13.09.2013;18;35
14.09.2013;18;24
15.09.2013;18;23
16.09.2013;15;19
17.09.2013;10;16
18.09.2013;8;16
19.09.2013;6;20
20.09.2013;7;20
21.09.2013;14;18
22.09.2013;13;17
23.09.2013;13;17
24.09.2013;10;14
25.09.2013;11;18
26.09.2013;8;20
27.09.2013;10;21
28.09.2013;14;18
29.09.2013;15;22
30.09.2013;15;20
01.08.2013;10;30
02.08.2013;8;21
03.08.2013;12;17
04.08.2013;10;17
05.08.2013;5;20
06.08.2013;11;21
07.08.2013;9;23
08.08.2013;13;31
09.08.2013;10;13
10.08.2013;10;12
11.08.2013;8;13
12.08.2013;6;18
13.08.2013;10;13
14.08.2013;7;10
15.08.2013;7;15
16.08.2013;5;20
17.08.2013;6;18
18.08.2013;8;21
19.08.2013;11;25
20.08.2013;11;27
21.08.2013;12;27
22.08.2013;12;25
23.08.2013;6;12
24.08.2013;7;13
25.08.2013;10;14
26.08.2013;7;10
27.08.2013;0;11
28.08.2013;9;16
29.08.2013;7;22
30.08.2013;9;27
31.08.2013;12;28
01.07.2013;5;22
02.07.2013;6;19
03.07.2013;7;23
04.07.2013;10;24
05.07.2013;14;28
06.07.2013;16;25
07.07.2013;1;21
08.07.2013;10;15
09.07.2013;10;22
10.07.2013;14;27
11.07.2013;12;26
12.07.2013;14;25
13.07.2013;16;20
14.07.2013;13;20
15.07.2013;8;16
16.07.2013;6;18
17.07.2013;8;24
18.07.2013;4;18
19.07.2013;7;12
20.07.2013;10;14
21.07.2013;7;13
22.07.2013;5;11
23.07.2013;4;9
24.07.2013;3;12
25.07.2013;1;15
26.07.2013;3;20
27.07.2013;5;20
28.07.2013;8;22
29.07.2013;7;21
30.07.2013;11;19
31.07.2013;9;28
01.06.2013;9;16
02.06.2013;11;17
03.06.2013;10;19
04.06.2013;8;21
05.06.2013;8;25
06.06.2013;9;20
07.06.2013;6;21
08.06.2013;9;19
09.06.2013;9;22
10.06.2013;14;23
11.06.2013;12;17
12.06.2013;13;19
13.06.2013;11;21
14.06.2013;12;22
15.06.2013;12;19
16.06.2013;10;20
17.06.2013;15;16
18.06.2013;13;21
19.06.2013;13;16
20.06.2013;12;15
21.06.2013;14;17
22.06.2013;9;17
23.06.2013;7;18
24.06.2013;9;20
25.06.2013;15;18
26.06.2013;11;16
27.06.2013;7;18
28.06.2013;7;22
29.06.2013;14;20
30.06.2013;8;17
01.05.2013;18;23
02.05.2013;16;31
03.05.2013;20;29
04.05.2013;18;23
05.05.2013;15;21
06.05.2013;12;20
07.05.2013;11;18
08.05.2013;5;20
09.05.2013;8;24
10.05.2013;7;27
11.05.2013;9;27
12.05.2013;14;21
13.05.2013;14;23
14.05.2013;18;26
15.05.2013;13;24
16.05.2013;7;14
17.05.2013;5;17
18.05.2013;6;17
19.05.2013;14;18
20.05.2013;16;20
21.05.2013;14;21
22.05.2013;11;16
23.05.2013;13;20
24.05.2013;12;19
25.05.2013;13;20
26.05.2013;10;24
27.05.2013;11;25
28.05.2013;11;25
29.05.2013;7;20
30.05.2013;9;18
31.05.2013;6;20
01.04.2013;17;28
02.04.2013;21;28
03.04.2013;21;31
04.04.2013;20;29
05.04.2013;19;25
06.04.2013;16;28
07.04.2013;19;26
08.04.2013;16;24
09.04.2013;19;23
10.04.2013;18;26
11.04.2013;19;29
12.04.2013;19;24
13.04.2013;12;20
14.04.2013;9;20
15.04.2013;11;25
16.04.2013;13;22
17.04.2013;12;22
18.04.2013;11;24
19.04.2013;13;26
20.04.2013;12;26
21.04.2013;16;26
22.04.2013;14;27
23.04.2013;12;27
24.04.2013;14;26
25.04.2013;14;28
26.04.2013;15;28
27.04.2013;15;28
28.04.2013;16;32
29.04.2013;20;25
30.04.2013;18;26
01.03.2013;16;32
02.03.2013;20;34
03.03.2013;22;28
04.03.2013;19;25
05.03.2013;17;25
06.03.2013;16;27
07.03.2013;16;31
08.03.2013;21;28
09.03.2013;21;27
10.03.2013;22;29
11.03.2013;21;30
12.03.2013;20;24
13.03.2013;19;23
14.03.2013;15;25
15.03.2013;18;22
16.03.2013;17;21
17.03.2013;16;23
18.03.2013;11;23
19.03.2013;18;24
20.03.2013;19;21
21.03.2013;17;28
22.03.2013;18;27
23.03.2013;15;27
24.03.2013;14;25
25.03.2013;16;28
26.03.2013;18;25
27.03.2013;16;25
28.03.2013;18;25
29.03.2013;14;27
30.03.2013;17;30
31.03.2013;18;32
01.02.2013;22;37
02.02.2013;22;31
03.02.2013;21;27
04.02.2013;17;27
05.02.2013;16;27
06.02.2013;20;29
07.02.2013;21;29
08.02.2013;19;27
09.02.2013;22;29
10.02.2013;22;32
11.02.2013;21;32
12.02.2013;23;31
13.02.2013;23;33
14.02.2013;4;34
15.02.2013;23;30
16.02.2013;23;32
17.02.2013;22;33
18.02.2013;23;32
19.02.2013;23;28
20.02.2013;24;32
21.02.2013;23;30
22.02.2013;20;27
23.02.2013;20;30
24.02.2013;19;33
25.02.2013;22;29
26.02.2013;19;26
27.02.2013;15;26
28.02.2013;14;28
01.01.2013;19;28
02.01.2013;17;23
03.01.2013;16;28
04.01.2013;19;32
05.01.2013;20;31
06.01.2013;22;30
07.01.2013;23;31
08.01.2013;23;29
09.01.2013;22;30
10.01.2013;20;28
11.01.2013;18;27
12.01.2013;17;28
13.01.2013;18;29
14.01.2013;20;30
15.01.2013;21;29
16.01.2013;21;30
17.01.2013;21;31
18.01.2013;23;28
19.01.2013;20;28
20.01.2013;21;27
21.01.2013;19;28
22.01.2013;20;30
23.01.2013;19;34
24.01.2013;22;35
25.01.2013;22;30
26.01.2013;8;26
27.01.2013;14;28
28.01.2013;16;31
29.01.2013;19;33
30.01.2013;20;34
31.01.2013;21;36
01.12.2012;21;26
02.12.2012;20;31
03.12.2012;17;35
04.12.2012;22;33
05.12.2012;23;33
06.12.2012;24;37
07.12.2012;24;33
08.12.2012;21;29
09.12.2012;18;32
10.12.2012;18;37
11.12.2012;1;31
12.12.2012;19;26
13.12.2012;21;27
14.12.2012;22;28
15.12.2012;20;32
16.12.2012;22;35
17.12.2012;21;32
18.12.2012;22;31
19.12.2012;23;32
20.12.2012;24;38
21.12.2012;20;24
22.12.2012;18;28
23.12.2012;19;34
24.12.2012;23;38
25.12.2012;27;39
26.12.2012;20;27
27.12.2012;17;21
28.12.2012;17;21
29.12.2012;20;28
30.12.2012;20;34
31.12.2012;23;35
01.11.2012;17;26
02.11.2012;15;28
03.11.2012;15;29
04.11.2012;19;28
05.11.2012;19;31
06.11.2012;16;32
07.11.2012;16;32
08.11.2012;21;32
09.11.2012;22;33
10.11.2012;23;33
11.11.2012;22;28
12.11.2012;16;23
13.11.2012;14;23
14.11.2012;15;28
15.11.2012;17;26
16.11.2012;17;28
17.11.2012;18;28
18.11.2012;17;32
19.11.2012;7;29
20.11.2012;21;30
21.11.2012;17;29
22.11.2012;18;35
23.11.2012;22;28
24.11.2012;19;26
25.11.2012;14;26
26.11.2012;14;30
27.11.2012;17;32
28.11.2012;18;33
29.11.2012;19;29
30.11.2012;23;32
01.10.2012;8;23
02.10.2012;8;21
03.10.2012;18;24
04.10.2012;18;23
05.10.2012;19;28
06.10.2012;18;33
07.10.2012;1;29
08.10.2012;20;27
09.10.2012;19;22
10.10.2012;16;21
11.10.2012;16;20
12.10.2012;16;22
13.10.2012;12;24
14.10.2012;13;26
15.10.2012;14;28
16.10.2012;17;29
17.10.2012;18;26
18.10.2012;14;24
19.10.2012;12;28
20.10.2012;16;30
21.10.2012;21;28
22.10.2012;19;21
23.10.2012;18;27
24.10.2012;15;24
25.10.2012;14;27
26.10.2012;18;29
27.10.2012;20;31
28.10.2012;21;26
29.10.2012;21;28
30.10.2012;21;29
31.10.2012;19;24
01.09.2012;15;24
02.09.2012;15;28
03.09.2012;14;20
04.09.2012;12;24
05.09.2012;12;26
06.09.2012;16;24
07.09.2012;16;31
08.09.2012;20;25
09.09.2012;7;20
10.09.2012;5;16
11.09.2012;16;21
12.09.2012;16;21
13.09.2012;15;22
14.09.2012;14;28
15.09.2012;16;26
16.09.2012;18;21
17.09.2012;0;27
18.09.2012;0;21
19.09.2012;14;24
20.09.2012;12;19
21.09.2012;13;20
22.09.2012;9;21
23.09.2012;9;22
24.09.2012;13;27
25.09.2012;10;17
26.09.2012;7;15
27.09.2012;10;20
28.09.2012;10;21
29.09.2012;13;21
30.09.2012;14;28
01.08.2012;16;26
02.08.2012;13;28
03.08.2012;13;30
04.08.2012;16;24
05.08.2012;9;16
06.08.2012;7;18
07.08.2012;9;23
08.08.2012;11;27
09.08.2012;15;24
10.08.2012;12;24
11.08.2012;14;31
12.08.2012;15;30
13.08.2012;15;19
14.08.2012;14;27
15.08.2012;13;31
16.08.2012;16;29
17.08.2012;17;30
18.08.2012;17;29
19.08.2012;18;27
20.08.2012;16;30
21.08.2012;19;26
22.08.2012;17;32
23.08.2012;16;33
24.08.2012;15;32
25.08.2012;11;21
26.08.2012;9;11
27.08.2012;10;16
28.08.2012;12;16
29.08.2012;13;18
30.08.2012;9;25
31.08.2012;11;25
01.07.2012;17;30
02.07.2012;14;31
03.07.2012;16;21
04.07.2012;14;30
05.07.2012;13;19
06.07.2012;10;15
07.07.2012;8;11
08.07.2012;3;13
09.07.2012;4;19
10.07.2012;13;18
11.07.2012;7;14
12.07.2012;6;14
13.07.2012;5;17
14.07.2012;5;17
15.07.2012;5;12
16.07.2012;8;15
17.07.2012;10;16
18.07.2012;9;16
19.07.2012;6;18
20.07.2012;6;20
21.07.2012;7;24
22.07.2012;10;19
23.07.2012;9;24
24.07.2012;12;18
25.07.2012;7;14
26.07.2012;6;15
27.07.2012;8;16
28.07.2012;4;19
29.07.2012;5;16
30.07.2012;5;15
31.07.2012;14;20
01.06.2012;9;19
02.06.2012;8;22
03.06.2012;12;18
04.06.2012;10;16
05.06.2012;6;15
06.06.2012;4;15
07.06.2012;2;10
08.06.2012;1;13
09.06.2012;1;15
10.06.2012;3;16
11.06.2012;12;20
12.06.2012;9;24
13.06.2012;11;29
14.06.2012;13;30
15.06.2012;17;25
16.06.2012;13;20
17.06.2012;12;18
18.06.2012;14;18
19.06.2012;12;16
20.06.2012;8;14
21.06.2012;6;20
22.06.2012;11;16
23.06.2012;9;19
24.06.2012;8;23
25.06.2012;12;17
26.06.2012;10;23
27.06.2012;12;27
28.06.2012;11;28
29.06.2012;15;30
30.06.2012;18;27
01.05.2012;8;19
02.05.2012;9;23
03.05.2012;10;25
04.05.2012;15;28
05.05.2012;13;27
06.05.2012;18;25
07.05.2012;17;27
08.05.2012;15;28
09.05.2012;15;28
10.05.2012;14;29
11.05.2012;16;24
12.05.2012;12;19
13.05.2012;8;18
14.05.2012;7;20
15.05.2012;8;22
16.05.2012;11;23
17.05.2012;15;23
18.05.2012;12;26
19.05.2012;12;24
20.05.2012;11;26
21.05.2012;12;27
22.05.2012;12;27
23.05.2012;14;26
24.05.2012;17;23
25.05.2012;18;23
26.05.2012;16;24
27.05.2012;16;25
28.05.2012;16;28
29.05.2012;20;31
30.05.2012;15;23
31.05.2012;9;19
01.04.2012;16;30
02.04.2012;16;30
03.04.2012;16;30
04.04.2012;19;34
05.04.2012;18;22
06.04.2012;16;24
07.04.2012;13;26
08.04.2012;14;29
09.04.2012;16;28
10.04.2012;21;27
11.04.2012;22;28
12.04.2012;21;26
13.04.2012;19;26
14.04.2012;18;23
15.04.2012;17;25
16.04.2012;16;25
17.04.2012;16;28
18.04.2012;16;29
19.04.2012;18;24
20.04.2012;19;29
21.04.2012;17;26
22.04.2012;12;20
23.04.2012;10;21
24.04.2012;12;18
25.04.2012;7;20
26.04.2012;15;20
27.04.2012;12;20
28.04.2012;9;19
29.04.2012;14;17
30.04.2012;9;17
01.03.2012;23;28
02.03.2012;21;27
03.03.2012;19;29
04.03.2012;20;33
05.03.2012;22;35
06.03.2012;22;35
07.03.2012;21;35
08.03.2012;22;32
09.03.2012;22;31
10.03.2012;21;33
11.03.2012;23;36
12.03.2012;21;36
13.03.2012;23;36
14.03.2012;21;28
15.03.2012;20;26
16.03.2012;15;27
17.03.2012;18;29
18.03.2012;18;31
19.03.2012;18;31
20.03.2012;19;31
21.03.2012;19;26
22.03.2012;20;28
23.03.2012;18;26
24.03.2012;17;26
25.03.2012;16;27
26.03.2012;17;28
27.03.2012;14;21
28.03.2012;11;21
29.03.2012;10;25
30.03.2012;13;27
31.03.2012;14;29
01.02.2012;21;33
02.02.2012;22;34
03.02.2012;24;35
04.02.2012;24;36
05.02.2012;23;34
06.02.2012;23;31
07.02.2012;23;30
08.02.2012;0;35
09.02.2012;23;29
10.02.2012;22;28
11.02.2012;20;28
12.02.2012;18;30
13.02.2012;19;32
14.02.2012;20;34
15.02.2012;23;35
16.02.2012;26;35
17.02.2012;24;36
18.02.2012;25;37
19.02.2012;25;39
20.02.2012;24;35
21.02.2012;22;35
22.02.2012;23;27
23.02.2012;23;31
24.02.2012;23;29
25.02.2012;21;26
26.02.2012;21;31
27.02.2012;20;30
28.02.2012;21;33
29.02.2012;22;34
01.01.2012;18;26
02.01.2012;20;27
03.01.2012;17;29
04.01.2012;18;27
05.01.2012;17;28
06.01.2012;20;31
07.01.2012;22;29
08.01.2012;21;32
09.01.2012;21;34
10.01.2012;21;31
11.01.2012;22;35
12.01.2012;23;32
13.01.2012;21;24
14.01.2012;20;22
15.01.2012;20;26
16.01.2012;18;29
17.01.2012;20;29
18.01.2012;21;30
19.01.2012;20;31
20.01.2012;21;32
21.01.2012;22;33
22.01.2012;21;35
23.01.2012;24;35
24.01.2012;25;35
25.01.2012;23;28
26.01.2012;20;27
27.01.2012;18;27
28.01.2012;18;28
29.01.2012;18;31
30.01.2012;18;34
31.01.2012;19;35
01.12.2011;15;23
02.12.2011;14;25
03.12.2011;14;28
04.12.2011;19;30
05.12.2011;19;31
06.12.2011;22;31
07.12.2011;20;33
08.12.2011;20;26
09.12.2011;18;27
10.12.2011;17;28
11.12.2011;19;29
12.12.2011;17;33
13.12.2011;19;26
14.12.2011;17;29
15.12.2011;16;27
16.12.2011;18;28
17.12.2011;18;29
18.12.2011;19;29
19.12.2011;18;32
20.12.2011;18;36
21.12.2011;22;33
22.12.2011;19;36
23.12.2011;23;31
24.12.2011;17;24
25.12.2011;17;23
26.12.2011;18;29
27.12.2011;19;27
28.12.2011;20;27
29.12.2011;16;28
30.12.2011;19;30
31.12.2011;19;23
01.11.2011;13;23
02.11.2011;14;24
03.11.2011;13;25
04.11.2011;13;29
05.11.2011;15;31
06.11.2011;19;30
07.11.2011;17;25
08.11.2011;14;28
09.11.2011;18;35
10.11.2011;21;24
11.11.2011;18;25
12.11.2011;17;25
13.11.2011;17;24
14.11.2011;18;24
15.11.2011;17;22
16.11.2011;12;26
17.11.2011;13;28
18.11.2011;17;27
19.11.2011;16;30
20.11.2011;17;29
21.11.2011;21;26
22.11.2011;20;24
23.11.2011;18;26
24.11.2011;14;27
25.11.2011;15;30
26.11.2011;17;31
27.11.2011;20;32
28.11.2011;20;34
29.11.2011;21;34
30.11.2011;20;32
01.10.2011;18;22
02.10.2011;17;25
03.10.2011;13;19
04.10.2011;10;21
05.10.2011;6;25
06.10.2011;15;25
07.10.2011;16;27
08.10.2011;20;25
09.10.2011;19;29
10.10.2011;18;25
11.10.2011;16;23
12.10.2011;16;23
13.10.2011;18;25
14.10.2011;19;25
15.10.2011;16;23
16.10.2011;15;26
17.10.2011;14;25
18.10.2011;16;23
19.10.2011;15;24
20.10.2011;15;22
21.10.2011;15;28
22.10.2011;14;31
23.10.2011;16;34
24.10.2011;1;27
25.10.2011;18;24
26.10.2011;16;20
27.10.2011;12;23
28.10.2011;11;25
29.10.2011;13;22
30.10.2011;16;22
31.10.2011;13;22
01.09.2011;6;15
02.09.2011;5;18
03.09.2011;8;24
04.09.2011;9;31
05.09.2011;4;26
06.09.2011;6;19
07.09.2011;10;19
08.09.2011;14;18
09.09.2011;12;19
10.09.2011;9;24
11.09.2011;10;19
12.09.2011;7;23
13.09.2011;11;20
14.09.2011;9;20
15.09.2011;10;23
16.09.2011;15;25
17.09.2011;16;27
18.09.2011;18;24
19.09.2011;17;19
20.09.2011;12;17
21.09.2011;9;21
22.09.2011;8;25
23.09.2011;15;20
24.09.2011;14;20
25.09.2011;12;24
26.09.2011;10;24
27.09.2011;15;23
28.09.2011;14;25
29.09.2011;13;34
30.09.2011;18;23
01.08.2011;12;16
02.08.2011;9;15
03.08.2011;9;13
04.08.2011;5;13
05.08.2011;2;17
06.08.2011;8;21
07.08.2011;11;22
08.08.2011;5;19
09.08.2011;15;17
10.08.2011;13;20
11.08.2011;11;26
12.08.2011;13;31
13.08.2011;16;23
14.08.2011;13;16
15.08.2011;13;24
16.08.2011;14;33
17.08.2011;14;21
18.08.2011;5;18
19.08.2011;13;21
20.08.2011;7;12
21.08.2011;4;11
22.08.2011;5;11
23.08.2011;9;13
24.08.2011;12;20
25.08.2011;15;22
26.08.2011;10;16
27.08.2011;10;21
28.08.2011;6;22
29.08.2011;13;18
30.08.2011;13;15
31.08.2011;9;16
01.07.2011;10;13
02.07.2011;5;10
03.07.2011;5;11
04.07.2011;3;10
05.07.2011;2;12
06.07.2011;0;13
07.07.2011;1;13
08.07.2011;3;16
09.07.2011;3;21
10.07.2011;5;19
11.07.2011;12;23
12.07.2011;10;26
13.07.2011;13;19
14.07.2011;13;17
15.07.2011;17;27
16.07.2011;14;27
17.07.2011;14;15
18.07.2011;14;15
19.07.2011;14;21
20.07.2011;11;16
21.07.2011;11;12
22.07.2011;9;14
23.07.2011;9;18
24.07.2011;7;22
25.07.2011;11;27
26.07.2011;13;22
27.07.2011;10;19
28.07.2011;14;20
29.07.2011;14;16
30.07.2011;10;14
31.07.2011;10;12
01.06.2011;10;18
02.06.2011;6;20
03.06.2011;12;18
04.06.2011;8;14
05.06.2011;4;18
06.06.2011;5;21
07.06.2011;12;14
08.06.2011;10;15
09.06.2011;8;17
10.06.2011;8;18
11.06.2011;8;20
12.06.2011;7;24
13.06.2011;12;21
14.06.2011;6;19
15.06.2011;11;23
16.06.2011;9;25
17.06.2011;10;18
18.06.2011;14;18
19.06.2011;15;27
20.06.2011;18;23
21.06.2011;17;19
22.06.2011;16;20
23.06.2011;15;23
24.06.2011;11;15
25.06.2011;11;15
26.06.2011;8;13
27.06.2011;6;11
28.06.2011;3;14
29.06.2011;5;12
30.06.2011;4;17
01.05.2011;15;21
02.05.2011;13;16
03.05.2011;12;20
04.05.2011;12;22
05.05.2011;11;23
06.05.2011;13;23
07.05.2011;10;24
08.05.2011;13;21
09.05.2011;14;21
10.05.2011;12;21
11.05.2011;15;20
12.05.2011;14;22
13.05.2011;14;21
14.05.2011;13;20
15.05.2011;15;19
16.05.2011;12;21
17.05.2011;1;19
18.05.2011;9;21
19.05.2011;9;23
20.05.2011;13;25
21.05.2011;14;25
22.05.2011;12;27
23.05.2011;18;20
24.05.2011;15;23
25.05.2011;17;28
26.05.2011;13;19
27.05.2011;12;18
28.05.2011;10;18
29.05.2011;11;19
30.05.2011;8;20
31.05.2011;9;19
01.04.2011;19;27
02.04.2011;19;28
03.04.2011;17;27
04.04.2011;15;28
05.04.2011;17;25
06.04.2011;14;26
07.04.2011;15;26
08.04.2011;14;26
09.04.2011;18;24
10.04.2011;16;27
11.04.2011;18;28
12.04.2011;17;27
13.04.2011;19;29
14.04.2011;19;21
15.04.2011;17;26
16.04.2011;18;22
17.04.2011;18;30
18.04.2011;17;22
19.04.2011;14;22
20.04.2011;16;30
21.04.2011;17;26
22.04.2011;19;30
23.04.2011;18;23
24.04.2011;13;22
25.04.2011;12;23
26.04.2011;11;24
27.04.2011;13;26
28.04.2011;14;27
29.04.2011;14;26
30.04.2011;18;21
01.03.2011;19;28
02.03.2011;20;28
03.03.2011;20;28
04.03.2011;18;29
05.03.2011;20;28
06.03.2011;18;29
07.03.2011;19;30
08.03.2011;19;30
09.03.2011;23;31
10.03.2011;22;30
11.03.2011;22;27
12.03.2011;23;31
13.03.2011;22;32
14.03.2011;18;24
15.03.2011;15;25
16.03.2011;18;29
17.03.2011;18;33
18.03.2011;20;23
19.03.2011;14;25
20.03.2011;13;28
21.03.2011;16;29
22.03.2011;19;32
23.03.2011;19;33
24.03.2011;22;27
25.03.2011;21;24
26.03.2011;21;27
27.03.2011;20;24
28.03.2011;20;22
29.03.2011;19;24
30.03.2011;18;27
31.03.2011;17;29
01.02.2011;23;28
02.02.2011;19;28
03.02.2011;18;31
04.02.2011;24;35
05.02.2011;24;34
06.02.2011;24;29
07.02.2011;23;28
08.02.2011;24;31
09.02.2011;23;30
10.02.2011;23;27
11.02.2011;21;27
12.02.2011;22;25
13.02.2011;22;28
14.02.2011;19;28
15.02.2011;19;28
16.02.2011;20;29
17.02.2011;23;30
18.02.2011;22;31
19.02.2011;22;31
20.02.2011;23;31
21.02.2011;23;29
22.02.2011;23;28
23.02.2011;22;28
24.02.2011;22;32
25.02.2011;23;32
26.02.2011;22;27
27.02.2011;19;28
28.02.2011;20;28
01.01.2011;21;29
02.01.2011;22;30
03.01.2011;22;27
04.01.2011;22;30
05.01.2011;23;35
06.01.2011;24;33
07.01.2011;23;33
08.01.2011;24;36
09.01.2011;23;32
10.01.2011;23;30
11.01.2011;23;29
12.01.2011;21;29
13.01.2011;21;28
14.01.2011;21;32
15.01.2011;23;32
16.01.2011;22;36
17.01.2011;24;34
18.01.2011;23;28
19.01.2011;22;30
20.01.2011;23;30
21.01.2011;23;30
22.01.2011;23;26
23.01.2011;23;29
24.01.2011;22;32
25.01.2011;23;32
26.01.2011;24;35
27.01.2011;24;34
28.01.2011;24;32
29.01.2011;25;31
30.01.2011;23;31
31.01.2011;21;35
01.12.2010;14;30
02.12.2010;20;29
03.12.2010;20;31
04.12.2010;20;24
05.12.2010;19;26
06.12.2010;19;27
07.12.2010;20;32
08.12.2010;21;31
09.12.2010;16;26
10.12.2010;17;32
11.12.2010;22;30
12.12.2010;17;27
13.12.2010;14;21
14.12.2010;11;26
15.12.2010;13;27
16.12.2010;17;27
17.12.2010;21;31
18.12.2010;20;33
19.12.2010;22;30
20.12.2010;23;30
21.12.2010;22;28
22.12.2010;21;28
23.12.2010;21;32
24.12.2010;23;35
25.12.2010;22;29
26.12.2010;19;31
27.12.2010;18;30
28.12.2010;17;29
29.12.2010;20;28
30.12.2010;19;28
31.12.2010;21;29
01.11.2010;14;26
02.11.2010;15;27
03.11.2010;14;30
04.11.2010;15;35
05.11.2010;17;23
06.11.2010;14;26
07.11.2010;13;32
08.11.2010;19;36
09.11.2010;14;32
10.11.2010;12;22
11.11.2010;13;21
12.11.2010;10;21
13.11.2010;12;25
14.11.2010;18;27
15.11.2010;19;27
16.11.2010;15;29
17.11.2010;17;28
18.11.2010;17;28
19.11.2010;16;27
20.11.2010;18;28
21.11.2010;19;28
22.11.2010;20;26
23.11.2010;20;24
24.11.2010;18;21
25.11.2010;17;25
26.11.2010;19;26
27.11.2010;16;31
28.11.2010;17;28
29.11.2010;20;23
30.11.2010;19;27
01.10.2010;12;22
02.10.2010;10;17
03.10.2010;8;20
04.10.2010;13;23
05.10.2010;13;25
06.10.2010;14;28
07.10.2010;16;20
08.10.2010;14;21
09.10.2010;14;21
10.10.2010;11;21
11.10.2010;10;21
12.10.2010;9;23
13.10.2010;12;24
14.10.2010;16;23
15.10.2010;17;26
16.10.2010;18;24
17.10.2010;16;19
18.10.2010;12;25
19.10.2010;11;23
20.10.2010;11;26
21.10.2010;14;27
22.10.2010;15;27
23.10.2010;18;22
24.10.2010;16;23
25.10.2010;16;24
26.10.2010;15;23
27.10.2010;15;23
28.10.2010;12;26
29.10.2010;12;26
30.10.2010;19;24
31.10.2010;13;27
01.09.2010;16;23
02.09.2010;17;20
03.09.2010;18;22
04.09.2010;12;19
05.09.2010;12;20
06.09.2010;9;21
07.09.2010;11;21
08.09.2010;13;23
09.09.2010;13;24
10.09.2010;12;25
11.09.2010;15;19
12.09.2010;16;18
13.09.2010;17;19
14.09.2010;15;20
15.09.2010;11;20
16.09.2010;10;22
17.09.2010;13;20
18.09.2010;10;18
19.09.2010;8;23
20.09.2010;11;26
21.09.2010;18;21
22.09.2010;17;23
23.09.2010;16;18
24.09.2010;15;21
25.09.2010;14;21
26.09.2010;14;22
27.09.2010;16;22
28.09.2010;17;20
29.09.2010;15;25
30.09.2010;14;23
01.08.2010;8;14
02.08.2010;6;12
03.08.2010;5;12
04.08.2010;4;11
05.08.2010;9;14
06.08.2010;7;17
07.08.2010;6;16
08.08.2010;10;13
09.08.2010;8;16
10.08.2010;5;17
11.08.2010;8;21
12.08.2010;10;22
13.08.2010;10;18
14.08.2010;9;12
15.08.2010;9;13
16.08.2010;10;20
17.08.2010;8;22
18.08.2010;8;23
19.08.2010;9;23
20.08.2010;10;20
21.08.2010;6;25
22.08.2010;12;30
23.08.2010;13;33
24.08.2010;16;28
25.08.2010;15;18
26.08.2010;16;18
27.08.2010;16;17
28.08.2010;17;22
29.08.2010;15;25
30.08.2010;14;18
31.08.2010;16;26
01.07.2010;15;23
02.07.2010;12;26
03.07.2010;12;25
04.07.2010;11;25
05.07.2010;12;27
06.07.2010;12;28
07.07.2010;12;30
08.07.2010;10;20
09.07.2010;9;16
10.07.2010;13;18
11.07.2010;11;26
12.07.2010;9;20
13.07.2010;5;10
14.07.2010;2;12
15.07.2010;2;13
16.07.2010;6;11
17.07.2010;8;14
18.07.2010;14;16
19.07.2010;9;17
20.07.2010;7;15
21.07.2010;9;23
22.07.2010;10;13
23.07.2010;8;15
24.07.2010;8;19
25.07.2010;12;22
26.07.2010;8;15
27.07.2010;4;18
28.07.2010;8;22
29.07.2010;11;21
30.07.2010;13;25
31.07.2010;13;23
01.06.2010;10;17
02.06.2010;8;21
03.06.2010;11;22
04.06.2010;15;21
05.06.2010;11;18
06.06.2010;9;19
07.06.2010;9;20
08.06.2010;9;17
09.06.2010;9;15
10.06.2010;7;16
11.06.2010;9;19
12.06.2010;10;20
13.06.2010;12;20
14.06.2010;10;22
15.06.2010;11;26
16.06.2010;15;18
17.06.2010;15;18
18.06.2010;15;24
19.06.2010;16;19
20.06.2010;9;14
21.06.2010;7;15
22.06.2010;4;15
23.06.2010;3;21
24.06.2010;12;27
25.06.2010;14;18
26.06.2010;15;20
27.06.2010;12;28
28.06.2010;12;18
29.06.2010;11;18
30.06.2010;13;22
01.05.2010;12;23
02.05.2010;9;26
03.05.2010;14;25
04.05.2010;18;24
05.05.2010;16;21
06.05.2010;14;25
07.05.2010;14;19
08.05.2010;15;19
09.05.2010;14;19
10.05.2010;14;17
11.05.2010;14;17
12.05.2010;14;21
13.05.2010;15;22
14.05.2010;11;23
15.05.2010;13;25
16.05.2010;14;18
17.05.2010;13;20
18.05.2010;15;19
19.05.2010;13;16
20.05.2010;14;18
21.05.2010;16;23
22.05.2010;18;23
23.05.2010;18;24
24.05.2010;19;23
25.05.2010;14;20
26.05.2010;12;19
27.05.2010;15;21
28.05.2010;17;22
29.05.2010;17;20
30.05.2010;16;22
31.05.2010;11;17
01.04.2010;18;32
02.04.2010;20;33
03.04.2010;20;31
04.04.2010;18;23
05.04.2010;17;23
06.04.2010;16;24
07.04.2010;14;22
08.04.2010;13;24
09.04.2010;14;24
10.04.2010;12;26
11.04.2010;14;27
12.04.2010;16;28
13.04.2010;19;30
14.04.2010;18;31
15.04.2010;17;23
16.04.2010;13;24
17.04.2010;12;29
18.04.2010;18;33
19.04.2010;19;32
20.04.2010;19;24
21.04.2010;18;23
22.04.2010;18;22
23.04.2010;16;19
24.04.2010;16;22
25.04.2010;18;24
26.04.2010;18;22
27.04.2010;13;22
28.04.2010;8;22
29.04.2010;9;22
30.04.2010;11;20
01.03.2010;18;29
02.03.2010;19;31
03.03.2010;19;31
04.03.2010;22;30
05.03.2010;21;30
06.03.2010;19;29
07.03.2010;19;27
08.03.2010;21;28
09.03.2010;22;26
10.03.2010;22;29
11.03.2010;22;30
12.03.2010;21;28
13.03.2010;19;27
14.03.2010;20;28
15.03.2010;17;26
16.03.2010;15;27
17.03.2010;15;30
18.03.2010;18;32
19.03.2010;20;33
20.03.2010;20;30
21.03.2010;22;30
22.03.2010;20;26
23.03.2010;21;26
24.03.2010;21;25
25.03.2010;21;25
26.03.2010;23;29
27.03.2010;23;28
28.03.2010;22;25
29.03.2010;21;25
30.03.2010;19;27
31.03.2010;16;29
01.02.2010;24;34
02.02.2010;25;37
03.02.2010;27;39
04.02.2010;25;38
05.02.2010;25;35
06.02.2010;26;36
07.02.2010;25;38
08.02.2010;24;28
09.02.2010;23;31
16.02.2010;21;26
17.02.2010;21;27
18.02.2010;20;29
19.02.2010;20;32
20.02.2010;23;34
21.02.2010;24;35
22.02.2010;24;32
23.02.2010;24;32
24.02.2010;22;24
25.02.2010;18;24
26.02.2010;14;27
27.02.2010;17;29
28.02.2010;20;30
01.01.2010;21;31
02.01.2010;21;30
03.01.2010;23;33
04.01.2010;24;27
05.01.2010;24;31
06.01.2010;23;29
07.01.2010;21;24
08.01.2010;20;30
09.01.2010;24;30
10.01.2010;24;31
11.01.2010;24;30
12.01.2010;23;33
13.01.2010;21;25
14.01.2010;19;29
15.01.2010;19;28
16.01.2010;21;30
17.01.2010;22;31
18.01.2010;22;33
19.01.2010;22;26
20.01.2010;22;27
21.01.2010;18;27
22.01.2010;20;27
23.01.2010;20;28
24.01.2010;22;30
25.01.2010;22;31
26.01.2010;24;29
27.01.2010;23;28
28.01.2010;22;28
29.01.2010;22;30
30.01.2010;23;34
31.01.2010;22;34
01.12.2009;20;27
02.12.2009;20;28
03.12.2009;20;27
04.12.2009;15;21
05.12.2009;13;28
06.12.2009;21;26
07.12.2009;20;23
08.12.2009;19;22
09.12.2009;18;27
10.12.2009;21;31
11.12.2009;22;24
12.12.2009;19;24
13.12.2009;16;23
14.12.2009;14;28
15.12.2009;18;30
16.12.2009;22;28
17.12.2009;21;27
18.12.2009;20;30
19.12.2009;20;34
20.12.2009;21;34
21.12.2009;24;28
22.12.2009;24;31
23.12.2009;23;33
24.12.2009;24;29
25.12.2009;23;31
26.12.2009;23;33
27.12.2009;24;31
28.12.2009;23;33
29.12.2009;24;35
30.12.2009;24;32
31.12.2009;22;27
01.11.2009;23;24
02.11.2009;20;34
03.11.2009;21;26
04.11.2009;20;30
05.11.2009;23;23
06.11.2009;24;30
07.11.2009;20;26
08.11.2009;17;21
09.11.2009;22;23
10.11.2009;19;22
11.11.2009;21;21
12.11.2009;20;29
13.11.2009;22;24
14.11.2009;21;24
15.11.2009;19;25
16.11.2009;18;27
17.11.2009;18;34
18.11.2009;21;26
19.11.2009;20;32
20.11.2009;20;22
21.11.2009;20;26
22.11.2009;21;26
23.11.2009;22;28
24.11.2009;22;32
25.11.2009;23;34
26.11.2009;23;31
27.11.2009;21;28
28.11.2009;21;26
29.11.2009;20;31
30.11.2009;22;26
01.10.2009;13;15
02.10.2009;14;15
05.10.2009;19;22
06.10.2009;17;22
07.10.2009;13;18
08.10.2009;12;19
09.10.2009;11;21
10.10.2009;12;25
11.10.2009;14;31
12.10.2009;15;23
13.10.2009;12;25
14.10.2009;13;29
15.10.2009;14;19
16.10.2009;12;17
17.10.2009;14;23
18.10.2009;16;23
19.10.2009;16;28
20.10.2009;17;25
21.10.2009;14;24
22.10.2009;17;24
23.10.2009;14;29
24.10.2009;17;23
25.10.2009;16;22
26.10.2009;15;24
27.10.2009;10;22
28.10.2009;13;27
29.10.2009;15;31
30.10.2009;18;34
31.10.2009;22;33
09.09.2009;12;13
10.09.2009;12;15
11.09.2009;14;16
12.09.2009;16;18
13.09.2009;16;19
14.09.2009;15;21
15.09.2009;13;26
16.09.2009;14;25
17.09.2009;18;21
18.09.2009;17;25
19.09.2009;13;19
20.09.2009;11;20
21.09.2009;10;22
22.09.2009;13;27
23.09.2009;13;21
24.09.2009;11;18
25.09.2009;9;21
26.09.2009;12;28
27.09.2009;19;20
28.09.2009;13;19
29.09.2009;8;15
30.09.2009;9;18